ISO-10303-21;
HEADER;
FILE_DESCRIPTION (( 'STEP AP203' ),
    '1' );
FILE_NAME ('jet_ski_dash_tray_v3.step',
    '2026-07-30T04:50:30',
    ( '' ),
    ( '' ),
    'SwSTEP 2.0',
    'SolidWorks 2026',
    '' );
FILE_SCHEMA (( 'CONFIG_CONTROL_DESIGN' ));
ENDSEC;

DATA;
#1 = FACE_OUTER_BOUND ( 'NONE', #870, .T. ) ;
#2 = COORDINATED_UNIVERSAL_TIME_OFFSET ( 5, 0, .BEHIND. ) ;
#3 = CARTESIAN_POINT ( 'NONE',  ( 95.00000000000000000, 200.0000000000000000, 4.000000000000000000 ) ) ;
#4 = EDGE_CURVE ( 'NONE', #1062, #1673, #105, .T. ) ;
#5 = CARTESIAN_POINT ( 'NONE',  ( 88.00000000000000000, 32.00000000000000000, 4.000000000000000000 ) ) ;
#6 = ORIENTED_EDGE ( 'NONE', *, *, #169, .T. ) ;
#7 = ORIENTED_EDGE ( 'NONE', *, *, #625, .T. ) ;
#8 = ORIENTED_EDGE ( 'NONE', *, *, #1854, .T. ) ;
#9 = DIRECTION ( 'NONE',  ( 1.000000000000000000, 0.000000000000000000, 0.000000000000000000 ) ) ;
#10 = CARTESIAN_POINT ( 'NONE',  ( -92.70000000000000284, 27.30000000000000071, 15.72000000000000064 ) ) ;
#11 = EDGE_CURVE ( 'NONE', #1444, #1580, #1526, .T. ) ;
#12 = LINE ( 'NONE', #618, #238 ) ;
#13 = CALENDAR_DATE ( 2026, 30, 7 ) ;
#14 = CARTESIAN_POINT ( 'NONE',  ( -95.00000000000000000, 30.18367346938775242, 22.00000000000000000 ) ) ;
#15 = LINE ( 'NONE', #1816, #1664 ) ;
#16 = CC_DESIGN_PERSON_AND_ORGANIZATION_ASSIGNMENT ( #577, #741, ( #1429 ) ) ;
#17 = EDGE_LOOP ( 'NONE', ( #557, #1278, #1654, #697, #1644 ) ) ;
#18 = VECTOR ( 'NONE', #1531, 1000.000000000000000 ) ;
#19 = EDGE_CURVE ( 'NONE', #1031, #97, #1068, .T. ) ;
#20 = AXIS2_PLACEMENT_3D ( 'NONE', #677, #1100, #71 ) ;
#21 = VERTEX_POINT ( 'NONE', #1670 ) ;
#22 = CARTESIAN_POINT ( 'NONE',  ( -92.70000000000000284, 27.30000000000000071, 14.00000000000000000 ) ) ;
#23 = CARTESIAN_POINT ( 'NONE',  ( -92.70000000000000284, 27.30000000000000071, 14.00000000000000000 ) ) ;
#24 = DIRECTION ( 'NONE',  ( -1.000000000000000000, -0.000000000000000000, -0.000000000000000000 ) ) ;
#25 = LINE ( 'NONE', #1335, #494 ) ;
#26 = DIRECTION ( 'NONE',  ( 0.000000000000000000, 1.000000000000000000, 0.000000000000000000 ) ) ;
#27 = CARTESIAN_POINT ( 'NONE',  ( -95.00000000000000000, 15.91836734693877986, 4.000000000000017764 ) ) ;
#28 = ORIENTED_EDGE ( 'NONE', *, *, #360, .T. ) ;
#29 =( BOUNDED_CURVE ( )  B_SPLINE_CURVE ( 3, ( #1900, #845, #1723, #379 ),
 .UNSPECIFIED., .F., .T. ) 
 B_SPLINE_CURVE_WITH_KNOTS ( ( 4, 4 ),
 ( 2.461918834681549040, 3.141592653589793116 ),
 .UNSPECIFIED. ) 
 CURVE ( )  GEOMETRIC_REPRESENTATION_ITEM ( )  RATIONAL_B_SPLINE_CURVE ( ( 1.000000000000000000, 0.9618726943880422375, 0.9618726943880422375, 1.000000000000000000 ) ) 
 REPRESENTATION_ITEM ( '' )  );
#30 = EDGE_CURVE ( 'NONE', #374, #1352, #793, .T. ) ;
#31 = VERTEX_POINT ( 'NONE', #324 ) ;
#32 = CARTESIAN_POINT ( 'NONE',  ( 1.102182119232617911E-15, 31.10204081632653228, 24.00000000000000000 ) ) ;
#33 = DIRECTION ( 'NONE',  ( -1.000000000000000000, -0.000000000000000000, -0.000000000000000000 ) ) ;
#34 = LINE ( 'NONE', #331, #478 ) ;
#35 = EDGE_CURVE ( 'NONE', #735, #1574, #655, .T. ) ;
#36 = CARTESIAN_POINT ( 'NONE',  ( 95.00000000000000000, 21.00000000000000000, 2.000000000000000000 ) ) ;
#37 = VECTOR ( 'NONE', #1500, 1000.000000000000000 ) ;
#38 = LINE ( 'NONE', #480, #1454 ) ;
#39 = CARTESIAN_POINT ( 'NONE',  ( -46.00000000000000000, 25.00000000000000000, 28.19999999999999929 ) ) ;
#40 = EDGE_CURVE ( 'NONE', #612, #1338, #191, .T. ) ;
#41 = CARTESIAN_POINT ( 'NONE',  ( 0.000000000000000000, 27.30000000000000071, 15.00000000000000000 ) ) ;
#42 = ORIENTED_EDGE ( 'NONE', *, *, #1456, .T. ) ;
#43 = VECTOR ( 'NONE', #951, 1000.000000000000000 ) ;
#44 = ORIENTED_EDGE ( 'NONE', *, *, #659, .T. ) ;
#45 = EDGE_CURVE ( 'NONE', #317, #271, #633, .T. ) ;
#46 = DIRECTION ( 'NONE',  ( -1.000000000000000000, -0.000000000000000000, -0.000000000000000000 ) ) ;
#47 = LINE ( 'NONE', #473, #85 ) ;
#48 = DIRECTION ( 'NONE',  ( -0.000000000000000000, -0.000000000000000000, -1.000000000000000000 ) ) ;
#49 = CARTESIAN_POINT ( 'NONE',  ( -95.00000000000000000, 24.99999999999999289, 10.71111111111109793 ) ) ;
#50 = PLANE ( 'NONE',  #395 ) ;
#51 = CARTESIAN_POINT ( 'NONE',  ( 0.000000000000000000, 40.00000000000000000, 5.999999999999998224 ) ) ;
#52 = LINE ( 'NONE', #783, #706 ) ;
#53 = VECTOR ( 'NONE', #1449, 1000.000000000000000 ) ;
#54 = ORIENTED_EDGE ( 'NONE', *, *, #1292, .T. ) ;
#55 = CARTESIAN_POINT ( 'NONE',  ( 9.008178394447057258, 26.77267207976668573, 14.57159697371412754 ) ) ;
#56 = CARTESIAN_POINT ( 'NONE',  ( 95.00000000000000000, -8.000000000000000000, 4.000000000000000000 ) ) ;
#57 = AXIS2_PLACEMENT_3D ( 'NONE', #1688, #1525, #190 ) ;
#58 = CARTESIAN_POINT ( 'NONE',  ( -8.971153771951525968, 27.30000000000000071, 15.72000000000000064 ) ) ;
#59 = EDGE_CURVE ( 'NONE', #707, #695, #934, .T. ) ;
#60 = AXIS2_PLACEMENT_3D ( 'NONE', #408, #350, #1551 ) ;
#61 = LINE ( 'NONE', #666, #266 ) ;
#62 = VECTOR ( 'NONE', #1393, 1000.000000000000000 ) ;
#63 = DIRECTION ( 'NONE',  ( 0.000000000000000000, -0.000000000000000000, 1.000000000000000000 ) ) ;
#64 = ORIENTED_EDGE ( 'NONE', *, *, #1803, .T. ) ;
#65 = APPLICATION_CONTEXT ( 'configuration controlled 3d designs of mechanical parts and assemblies' ) ;
#66 = CARTESIAN_POINT ( 'NONE',  ( -92.70000000000000284, 27.30000000000000071, 17.19999999999999929 ) ) ;
#67 = EDGE_CURVE ( 'NONE', #1737, #973, #449, .T. ) ;
#68 = CARTESIAN_POINT ( 'NONE',  ( 0.000000000000000000, 16.83673469387754906, 5.999999999999998224 ) ) ;
#69 = APPROVAL_DATE_TIME ( #1171, #878 ) ;
#70 = EDGE_CURVE ( 'NONE', #905, #1352, #467, .T. ) ;
#71 = DIRECTION ( 'NONE',  ( -1.000000000000000000, 0.000000000000000000, -0.000000000000000000 ) ) ;
#72 = CARTESIAN_POINT ( 'NONE',  ( -68.50000000000000000, 48.00000000000000000, 21.79999999999999716 ) ) ;
#73 = ADVANCED_FACE ( 'NONE', ( #1047 ), #772, .T. ) ;
#74 = EDGE_LOOP ( 'NONE', ( #1476, #688, #462, #569, #44, #138, #1418, #432, #493 ) ) ;
#75 = VECTOR ( 'NONE', #590, 1000.000000000000000 ) ;
#76 = CARTESIAN_POINT ( 'NONE',  ( 0.000000000000000000, 0.000000000000000000, 20.39999999999999858 ) ) ;
#77 = EDGE_CURVE ( 'NONE', #1594, #271, #300, .T. ) ;
#78 = PLANE ( 'NONE',  #20 ) ;
#79 = CARTESIAN_POINT ( 'NONE',  ( -95.00000000000000000, -8.000000000000000000, 4.000000000000000000 ) ) ;
#80 = ORIENTED_EDGE ( 'NONE', *, *, #594, .F. ) ;
#81 = EDGE_LOOP ( 'NONE', ( #824, #246, #580, #1133 ) ) ;
#82 = ORIENTED_EDGE ( 'NONE', *, *, #960, .T. ) ;
#83 = EDGE_CURVE ( 'NONE', #1277, #1881, #1380, .T. ) ;
#84 = CARTESIAN_POINT ( 'NONE',  ( 0.8449112230976968396, 96.34672443837416722, 179.1550887769037672 ) ) ;
#85 = VECTOR ( 'NONE', #1667, 1000.000000000000000 ) ;
#86 = EDGE_CURVE ( 'NONE', #1271, #1736, #902, .T. ) ;
#87 = VECTOR ( 'NONE', #389, 1000.000000000000000 ) ;
#88 = DIRECTION ( 'NONE',  ( -1.000000000000000000, -0.000000000000000000, -0.000000000000000000 ) ) ;
#89 = DIRECTION ( 'NONE',  ( 0.000000000000000000, 0.000000000000000000, -1.000000000000000000 ) ) ;
#90 = ORIENTED_EDGE ( 'NONE', *, *, #1871, .T. ) ;
#91 = ORIENTED_EDGE ( 'NONE', *, *, #1135, .T. ) ;
#92 = EDGE_LOOP ( 'NONE', ( #1072, #916, #1788, #1922 ) ) ;
#93 = LINE ( 'NONE', #563, #1628 ) ;
#94 = EDGE_CURVE ( 'NONE', #715, #567, #1357, .T. ) ;
#95 = DIRECTION ( 'NONE',  ( -1.000000000000000000, 0.000000000000000000, -0.000000000000000000 ) ) ;
#96 = FACE_OUTER_BOUND ( 'NONE', #1083, .T. ) ;
#97 = VERTEX_POINT ( 'NONE', #753 ) ;
#98 = CARTESIAN_POINT ( 'NONE',  ( -92.70000000000000284, 197.6999999999999886, 14.00000000000000000 ) ) ;
#99 = VERTEX_POINT ( 'NONE', #14 ) ;
#100 = ORIENTED_EDGE ( 'NONE', *, *, #1172, .F. ) ;
#101 = AXIS2_PLACEMENT_3D ( 'NONE', #496, #1541, #196 ) ;
#102 = FACE_BOUND ( 'NONE', #757, .T. ) ;
#103 = PLANE ( 'NONE',  #428 ) ;
#104 = PLANE ( 'NONE',  #365 ) ;
#105 = LINE ( 'NONE', #1160, #1148 ) ;
#106 = LINE ( 'NONE', #1397, #1582 ) ;
#107 = ORIENTED_EDGE ( 'NONE', *, *, #1595, .T. ) ;
#108 = ORIENTED_EDGE ( 'NONE', *, *, #974, .T. ) ;
#109 = VECTOR ( 'NONE', #364, 1000.000000000000000 ) ;
#110 = CARTESIAN_POINT ( 'NONE',  ( -68.50000000000000000, 64.00000000000000000, 20.39999999999999858 ) ) ;
#111 = CARTESIAN_POINT ( 'NONE',  ( -95.00000000000000000, 24.99999999999999289, 10.71111111111109793 ) ) ;
#112 = DIRECTION ( 'NONE',  ( 1.000000000000000000, 0.000000000000000000, 0.000000000000000000 ) ) ;
#113 = EDGE_CURVE ( 'NONE', #1806, #712, #1347, .T. ) ;
#114 = EDGE_LOOP ( 'NONE', ( #832, #262, #1662, #1141 ) ) ;
#115 = DIRECTION ( 'NONE',  ( 1.000000000000000000, -0.000000000000000000, 0.000000000000000000 ) ) ;
#116 = ORIENTED_EDGE ( 'NONE', *, *, #231, .T. ) ;
#117 = ORIENTED_EDGE ( 'NONE', *, *, #360, .F. ) ;
#118 = ORIENTED_EDGE ( 'NONE', *, *, #35, .T. ) ;
#119 = PLANE ( 'NONE',  #539 ) ;
#120 = CARTESIAN_POINT ( 'NONE',  ( -7.912359452070250043, 24.99999999999999289, 10.71111111111109793 ) ) ;
#121 = DIRECTION ( 'NONE',  ( 0.000000000000000000, 1.000000000000000000, 0.000000000000000000 ) ) ;
#122 = EDGE_CURVE ( 'NONE', #1062, #1269, #38, .T. ) ;
#123 = CARTESIAN_POINT ( 'NONE',  ( 8.971153771951525968, 27.30000000000000071, 15.72000000000000064 ) ) ;
#124 = CARTESIAN_POINT ( 'NONE',  ( -46.00000000000000000, 51.18367346938774887, 80.79999999999999716 ) ) ;
#125 = ORIENTED_EDGE ( 'NONE', *, *, #555, .F. ) ;
#126 = ORIENTED_EDGE ( 'NONE', *, *, #561, .T. ) ;
#127 = EDGE_CURVE ( 'NONE', #833, #1572, #1826, .T. ) ;
#128 = VERTEX_POINT ( 'NONE', #1494 ) ;
#129 = VECTOR ( 'NONE', #1656, 1000.000000000000000 ) ;
#130 = DIRECTION ( 'NONE',  ( -1.000000000000000000, 0.000000000000000000, 0.000000000000000000 ) ) ;
#131 = ADVANCED_FACE ( 'NONE', ( #610 ), #1535, .F. ) ;
#132 = VECTOR ( 'NONE', #1272, 1000.000000000000000 ) ;
#133 = CARTESIAN_POINT ( 'NONE',  ( 0.000000000000000000, 0.000000000000000000, 14.00000000000000000 ) ) ;
#134 = VECTOR ( 'NONE', #1336, 1000.000000000000000 ) ;
#135 = FACE_OUTER_BOUND ( 'NONE', #81, .T. ) ;
#136 = APPLICATION_PROTOCOL_DEFINITION ( 'international standard', 'config_control_design', 1994, #1359 ) ;
#137 = DIRECTION ( 'NONE',  ( 0.000000000000000000, 0.000000000000000000, 1.000000000000000000 ) ) ;
#138 = ORIENTED_EDGE ( 'NONE', *, *, #1446, .T. ) ;
#139 = ORIENTED_EDGE ( 'NONE', *, *, #1172, .T. ) ;
#140 = ORIENTED_EDGE ( 'NONE', *, *, #1067, .T. ) ;
#141 = EDGE_CURVE ( 'NONE', #1806, #698, #1264, .T. ) ;
#142 = CARTESIAN_POINT ( 'NONE',  ( -8.944271909999159220, 27.30000000000000071, 14.00000000000000000 ) ) ;
#143 = EDGE_CURVE ( 'NONE', #1051, #1031, #1869, .T. ) ;
#144 = CARTESIAN_POINT ( 'NONE',  ( 0.000000000000000000, 0.000000000000000000, 12.00000000000000000 ) ) ;
#145 = APPROVAL_STATUS ( 'not_yet_approved' ) ;
#146 = DIRECTION ( 'NONE',  ( 0.000000000000000000, 0.000000000000000000, -1.000000000000000000 ) ) ;
#147 = VERTEX_POINT ( 'NONE', #1570 ) ;
#148 = AXIS2_PLACEMENT_3D ( 'NONE', #609, #1202, #1793 ) ;
#149 = ORIENTED_EDGE ( 'NONE', *, *, #1011, .T. ) ;
#150 = ORIENTED_EDGE ( 'NONE', *, *, #653, .F. ) ;
#151 = VECTOR ( 'NONE', #1745, 1000.000000000000000 ) ;
#152 = ORIENTED_EDGE ( 'NONE', *, *, #1603, .T. ) ;
#153 = CARTESIAN_POINT ( 'NONE',  ( 95.00000000000000000, 30.18367346938775242, 22.00000000000000000 ) ) ;
#154 = VECTOR ( 'NONE', #333, 1000.000000000000000 ) ;
#155 = CARTESIAN_POINT ( 'NONE',  ( -95.00000000000000000, 21.00000000000000000, 2.000000000000000000 ) ) ;
#156 = CARTESIAN_POINT ( 'NONE',  ( 0.000000000000000000, 0.000000000000000000, 21.79999999999999716 ) ) ;
#157 = APPROVAL_ROLE ( '' ) ;
#158 = CARTESIAN_POINT ( 'NONE',  ( -95.00000000000000000, -8.000000000000000000, 4.000000000000000000 ) ) ;
#159 = LINE ( 'NONE', #1472, #1403 ) ;
#160 = ORIENTED_EDGE ( 'NONE', *, *, #1851, .T. ) ;
#161 = ORIENTED_EDGE ( 'NONE', *, *, #40, .F. ) ;
#162 = EDGE_CURVE ( 'NONE', #559, #707, #372, .T. ) ;
#163 = ORIENTED_EDGE ( 'NONE', *, *, #797, .F. ) ;
#164 = LINE ( 'NONE', #919, #37 ) ;
#165 = DIRECTION ( 'NONE',  ( 0.000000000000000000, 0.4172932199768464301, 0.9087719012829100773 ) ) ;
#166 = EDGE_CURVE ( 'NONE', #1748, #327, #1431, .T. ) ;
#167 = CARTESIAN_POINT ( 'NONE',  ( 0.000000000000000000, 16.83673469387754906, 5.999999999999998224 ) ) ;
#168 = PERSON_AND_ORGANIZATION_ROLE ( 'creator' ) ;
#169 = EDGE_CURVE ( 'NONE', #1436, #1485, #1128, .T. ) ;
#170 = CARTESIAN_POINT ( 'NONE',  ( -92.70000000000000284, 27.30000000000000071, 14.00000000000000000 ) ) ;
#171 = FACE_OUTER_BOUND ( 'NONE', #260, .T. ) ;
#172 = ORIENTED_EDGE ( 'NONE', *, *, #1026, .F. ) ;
#173 = ORIENTED_EDGE ( 'NONE', *, *, #1750, .T. ) ;
#174 = FACE_OUTER_BOUND ( 'NONE', #1238, .T. ) ;
#175 = PLANE ( 'NONE',  #265 ) ;
#176 = LINE ( 'NONE', #639, #978 ) ;
#177 = CARTESIAN_POINT ( 'NONE',  ( 0.000000000000000000, 40.00000000000000000, 15.00000000000000000 ) ) ;
#178 = ADVANCED_FACE ( 'NONE', ( #517 ), #223, .T. ) ;
#179 = CARTESIAN_POINT ( 'NONE',  ( -64.00000000000000000, 68.00000000000000000, 14.00000000000000000 ) ) ;
#180 = CARTESIAN_POINT ( 'NONE',  ( 88.00000000000000000, 193.0000000000000000, 4.000000000000000000 ) ) ;
#181 = ORIENTED_EDGE ( 'NONE', *, *, #1273, .T. ) ;
#182 = VECTOR ( 'NONE', #33, 1000.000000000000000 ) ;
#183 = VECTOR ( 'NONE', #970, 1000.000000000000000 ) ;
#184 = VERTEX_POINT ( 'NONE', #1697 ) ;
#185 =( BOUNDED_CURVE ( )  B_SPLINE_CURVE ( 3, ( #120, #256, #575, #1773 ),
 .UNSPECIFIED., .F., .T. ) 
 B_SPLINE_CURVE_WITH_KNOTS ( ( 4, 4 ),
 ( 5.209107519699511357, 6.283185307179586232 ),
 .UNSPECIFIED. ) 
 CURVE ( )  GEOMETRIC_REPRESENTATION_ITEM ( )  RATIONAL_B_SPLINE_CURVE ( ( 1.000000000000000000, 0.9061515534572210928, 0.9061515534572210928, 1.000000000000000000 ) ) 
 REPRESENTATION_ITEM ( '' )  );
#186 = DIRECTION ( 'NONE',  ( 1.000000000000000000, 0.000000000000000000, 0.000000000000000000 ) ) ;
#187 = FACE_OUTER_BOUND ( 'NONE', #17, .T. ) ;
#188 = LINE ( 'NONE', #1635, #1416 ) ;
#189 = EDGE_CURVE ( 'NONE', #1304, #1163, #1712, .T. ) ;
#190 = DIRECTION ( 'NONE',  ( 0.000000000000000000, -0.000000000000000000, 1.000000000000000000 ) ) ;
#191 = LINE ( 'NONE', #1639, #1060 ) ;
#192 = CARTESIAN_POINT ( 'NONE',  ( 0.000000000000000000, 0.000000000000000000, 17.19999999999999929 ) ) ;
#193 = EDGE_CURVE ( 'NONE', #307, #281, #1554, .T. ) ;
#194 = CARTESIAN_POINT ( 'NONE',  ( 92.70000000000000284, 26.64773411299337624, 14.29950984607446962 ) ) ;
#195 = VERTEX_POINT ( 'NONE', #1840 ) ;
#196 = DIRECTION ( 'NONE',  ( 0.000000000000000000, -0.000000000000000000, 1.000000000000000000 ) ) ;
#197 = LINE ( 'NONE', #1387, #1023 ) ;
#198 = DIRECTION ( 'NONE',  ( -0.000000000000000000, -0.000000000000000000, -1.000000000000000000 ) ) ;
#199 = EDGE_CURVE ( 'NONE', #1444, #1905, #1299, .T. ) ;
#200 = CARTESIAN_POINT ( 'NONE',  ( -95.00000000000000000, -8.000000000000000000, 4.000000000000000000 ) ) ;
#201 = DIRECTION ( 'NONE',  ( 0.000000000000000000, 0.4172932199768464301, 0.9087719012829100773 ) ) ;
#202 = DIRECTION ( 'NONE',  ( 0.000000000000000000, 0.000000000000000000, -1.000000000000000000 ) ) ;
#203 = DIRECTION ( 'NONE',  ( 0.000000000000000000, 0.000000000000000000, 1.000000000000000000 ) ) ;
#204 = ORIENTED_EDGE ( 'NONE', *, *, #1185, .F. ) ;
#205 = DIRECTION ( 'NONE',  ( 0.000000000000000000, -1.000000000000000000, 0.000000000000000000 ) ) ;
#206 = FACE_OUTER_BOUND ( 'NONE', #442, .T. ) ;
#207 = CARTESIAN_POINT ( 'NONE',  ( -88.00000000000000000, 68.00000000000000000, 14.00000000000000000 ) ) ;
#208 = DIRECTION ( 'NONE',  ( -1.000000000000000000, -0.000000000000000000, -0.000000000000000000 ) ) ;
#209 = DIRECTION ( 'NONE',  ( 0.000000000000000000, 0.4172932199768464301, 0.9087719012829100773 ) ) ;
#210 = CIRCLE ( 'NONE', #1208, 9.000000000000001776 ) ;
#211 = ORIENTED_EDGE ( 'NONE', *, *, #917, .F. ) ;
#212 = LINE ( 'NONE', #1385, #1938 ) ;
#213 = PLANE ( 'NONE',  #60 ) ;
#214 = CARTESIAN_POINT ( 'NONE',  ( -83.50000000000000000, 48.00000000000000000, 21.79999999999999716 ) ) ;
#215 = EDGE_CURVE ( 'NONE', #226, #1163, #1409, .T. ) ;
#216 = ADVANCED_FACE ( 'NONE', ( #963 ), #78, .F. ) ;
#217 = CARTESIAN_POINT ( 'NONE',  ( 3.387472920117807540, 22.83673469387754906, 5.999999999999998224 ) ) ;
#218 = LINE ( 'NONE', #971, #896 ) ;
#219 = ORIENTED_EDGE ( 'NONE', *, *, #1553, .F. ) ;
#220 = EDGE_CURVE ( 'NONE', #261, #1725, #672, .T. ) ;
#221 = PLANE ( 'NONE',  #1926 ) ;
#222 = LINE ( 'NONE', #790, #1230 ) ;
#223 = PLANE ( 'NONE',  #622 ) ;
#224 = CARTESIAN_POINT ( 'NONE',  ( 54.51806150803142970, 77.70089012386331717, 125.4819384919690037 ) ) ;
#225 = SECURITY_CLASSIFICATION ( '', '', #875 ) ;
#226 = VERTEX_POINT ( 'NONE', #377 ) ;
#227 = ORIENTED_EDGE ( 'NONE', *, *, #77, .F. ) ;
#228 = ORIENTED_EDGE ( 'NONE', *, *, #1522, .T. ) ;
#229 = AXIS2_PLACEMENT_3D ( 'NONE', #1566, #1846, #1398 ) ;
#230 = VECTOR ( 'NONE', #1823, 1000.000000000000000 ) ;
#231 = EDGE_CURVE ( 'NONE', #990, #1673, #233, .T. ) ;
#232 = LINE ( 'NONE', #516, #384 ) ;
#233 = LINE ( 'NONE', #511, #935 ) ;
#234 = ORIENTED_EDGE ( 'NONE', *, *, #1344, .T. ) ;
#235 = ORIENTED_EDGE ( 'NONE', *, *, #1553, .T. ) ;
#236 = ORIENTED_EDGE ( 'NONE', *, *, #1458, .F. ) ;
#237 = CARTESIAN_POINT ( 'NONE',  ( 5.656854249492382358, 32.00000000000000000, 22.00000000000000000 ) ) ;
#238 = VECTOR ( 'NONE', #1669, 1000.000000000000000 ) ;
#239 = EDGE_CURVE ( 'NONE', #391, #1341, #838, .T. ) ;
#240 = DIRECTION ( 'NONE',  ( 0.000000000000000000, 0.000000000000000000, -1.000000000000000000 ) ) ;
#241 = VECTOR ( 'NONE', #259, 1000.000000000000000 ) ;
#242 = FACE_BOUND ( 'NONE', #381, .T. ) ;
#243 = ORIENTED_EDGE ( 'NONE', *, *, #1247, .T. ) ;
#244 = EDGE_CURVE ( 'NONE', #1767, #562, #1108, .T. ) ;
#245 = ORIENTED_EDGE ( 'NONE', *, *, #1803, .F. ) ;
#246 = ORIENTED_EDGE ( 'NONE', *, *, #1406, .F. ) ;
#247 = FACE_OUTER_BOUND ( 'NONE', #806, .T. ) ;
#248 = FACE_OUTER_BOUND ( 'NONE', #1486, .T. ) ;
#249 = DIRECTION ( 'NONE',  ( -0.000000000000000000, -0.000000000000000000, -1.000000000000000000 ) ) ;
#250 = ORIENTED_EDGE ( 'NONE', *, *, #1107, .T. ) ;
#251 = CARTESIAN_POINT ( 'NONE',  ( 46.00000000000000711, 27.03061224489795578, 28.20000000000000284 ) ) ;
#252 = EDGE_LOOP ( 'NONE', ( #1001, #1931, #966, #538, #603, #1573, #1548, #592 ) ) ;
#253 = ORIENTED_EDGE ( 'NONE', *, *, #1858, .F. ) ;
#254 = CC_DESIGN_APPROVAL ( #1839, ( #1429 ) ) ;
#255 = CARTESIAN_POINT ( 'NONE',  ( -95.00000000000000000, -8.000000000000000000, 4.000000000000000000 ) ) ;
#256 = CARTESIAN_POINT ( 'NONE',  ( -6.298082233347435555, 23.63250492968743544, 7.733010735763752308 ) ) ;
#257 = CARTESIAN_POINT ( 'NONE',  ( -86.00000000000000000, 46.00000000000000000, 22.00000000000000000 ) ) ;
#258 = EDGE_LOOP ( 'NONE', ( #513, #463, #1507, #375 ) ) ;
#259 = DIRECTION ( 'NONE',  ( 0.000000000000000000, 0.4172932199768464301, 0.9087719012829100773 ) ) ;
#260 = EDGE_LOOP ( 'NONE', ( #1537, #1328, #1632, #336, #1383, #305, #272, #149 ) ) ;
#261 = VERTEX_POINT ( 'NONE', #1422 ) ;
#262 = ORIENTED_EDGE ( 'NONE', *, *, #83, .F. ) ;
#263 = DIRECTION ( 'NONE',  ( 0.000000000000000000, -0.000000000000000000, 1.000000000000000000 ) ) ;
#264 = CARTESIAN_POINT ( 'NONE',  ( 92.70000000000000284, 197.6999999999999886, 14.00000000000000000 ) ) ;
#265 = AXIS2_PLACEMENT_3D ( 'NONE', #941, #497, #1241 ) ;
#266 = VECTOR ( 'NONE', #1014, 1000.000000000000000 ) ;
#267 = CARTESIAN_POINT ( 'NONE',  ( 92.70000000000000284, 27.30000000000000071, 15.72000000000000064 ) ) ;
#268 = APPROVAL_DATE_TIME ( #619, #1231 ) ;
#269 = LINE ( 'NONE', #1482, #1568 ) ;
#270 = ORIENTED_EDGE ( 'NONE', *, *, #991, .T. ) ;
#271 = VERTEX_POINT ( 'NONE', #1113 ) ;
#272 = ORIENTED_EDGE ( 'NONE', *, *, #917, .T. ) ;
#273 = EDGE_CURVE ( 'NONE', #1594, #1412, #953, .T. ) ;
#274 = FACE_OUTER_BOUND ( 'NONE', #258, .T. ) ;
#275 = LINE ( 'NONE', #872, #1267 ) ;
#276 = DIRECTION ( 'NONE',  ( 0.000000000000000000, 0.000000000000000000, -1.000000000000000000 ) ) ;
#277 = CALENDAR_DATE ( 2026, 30, 7 ) ;
#278 = PLANE ( 'NONE',  #306 ) ;
#279 = ORIENTED_EDGE ( 'NONE', *, *, #220, .F. ) ;
#280 = VERTEX_POINT ( 'NONE', #804 ) ;
#281 = VERTEX_POINT ( 'NONE', #1401 ) ;
#282 = VECTOR ( 'NONE', #1252, 1000.000000000000000 ) ;
#283 = PLANE ( 'NONE',  #1718 ) ;
#284 = PRODUCT_DEFINITION_SHAPE ( 'NONE', 'NONE',  #1429 ) ;
#285 = AXIS2_PLACEMENT_3D ( 'NONE', #76, #351, #1408 ) ;
#286 = CARTESIAN_POINT ( 'NONE',  ( -92.70000000000000284, 27.30000000000000071, 14.00000000000000000 ) ) ;
#287 = FACE_BOUND ( 'NONE', #1032, .T. ) ;
#288 = DIRECTION ( 'NONE',  ( 1.000000000000000000, 0.000000000000000000, 0.000000000000000000 ) ) ;
#289 = EDGE_LOOP ( 'NONE', ( #1019, #243, #982, #737, #868, #1039, #776, #842, #453, #1611, #227, #80 ) ) ;
#290 = ORIENTED_EDGE ( 'NONE', *, *, #83, .T. ) ;
#291 = ORIENTED_EDGE ( 'NONE', *, *, #1386, .T. ) ;
#292 = EDGE_CURVE ( 'NONE', #735, #1165, #61, .T. ) ;
#293 = ORIENTED_EDGE ( 'NONE', *, *, #298, .F. ) ;
#294 = DIRECTION ( 'NONE',  ( -0.7071067811865439090, 0.000000000000000000, 0.7071067811865512365 ) ) ;
#295 = CARTESIAN_POINT ( 'NONE',  ( 0.000000000000000000, 0.000000000000000000, 14.00000000000000000 ) ) ;
#296 = VECTOR ( 'NONE', #121, 1000.000000000000000 ) ;
#297 = FACE_BOUND ( 'NONE', #1714, .T. ) ;
#298 = EDGE_CURVE ( 'NONE', #725, #1165, #1149, .T. ) ;
#299 = PERSON_AND_ORGANIZATION ( #1392, #1281 ) ;
#300 = LINE ( 'NONE', #3, #1334 ) ;
#301 = CARTESIAN_POINT ( 'NONE',  ( -66.00000000000000000, 64.00000000000000000, 21.79999999999999716 ) ) ;
#302 = ORIENTED_EDGE ( 'NONE', *, *, #40, .T. ) ;
#303 = VECTOR ( 'NONE', #641, 1000.000000000000000 ) ;
#304 = VERTEX_POINT ( 'NONE', #541 ) ;
#305 = ORIENTED_EDGE ( 'NONE', *, *, #509, .T. ) ;
#306 = AXIS2_PLACEMENT_3D ( 'NONE', #1495, #877, #430 ) ;
#307 = VERTEX_POINT ( 'NONE', #435 ) ;
#308 = CARTESIAN_POINT ( 'NONE',  ( -64.00000000000000000, 43.99999999999998579, 22.00000000000000000 ) ) ;
#309 = VECTOR ( 'NONE', #1204, 1000.000000000000000 ) ;
#310 = CARTESIAN_POINT ( 'NONE',  ( -7.912359452070250043, 24.99999999999999289, 10.71111111111109793 ) ) ;
#311 = LINE ( 'NONE', #760, #1923 ) ;
#312 = COORDINATED_UNIVERSAL_TIME_OFFSET ( 5, 0, .BEHIND. ) ;
#313 = ADVANCED_FACE ( 'NONE', ( #1624 ), #103, .T. ) ;
#314 = DIRECTION ( 'NONE',  ( 0.000000000000000000, 0.000000000000000000, 1.000000000000000000 ) ) ;
#315 = CARTESIAN_POINT ( 'NONE',  ( 95.00000000000000000, 53.11224489795905157, 84.99999999999971578 ) ) ;
#316 = ORIENTED_EDGE ( 'NONE', *, *, #1367, .T. ) ;
#317 = VERTEX_POINT ( 'NONE', #700 ) ;
#318 = PLANE ( 'NONE',  #570 ) ;
#319 = LINE ( 'NONE', #457, #1318 ) ;
#320 = VECTOR ( 'NONE', #1430, 1000.000000000000000 ) ;
#321 = ADVANCED_FACE ( 'NONE', ( #248 ), #1291, .T. ) ;
#322 = FACE_OUTER_BOUND ( 'NONE', #1337, .T. ) ;
#323 = VECTOR ( 'NONE', #24, 1000.000000000000000 ) ;
#324 = CARTESIAN_POINT ( 'NONE',  ( -5.656854249492382358, 32.00000000000000000, 22.00000000000000000 ) ) ;
#325 = DIRECTION ( 'NONE',  ( -0.000000000000000000, -0.000000000000000000, -1.000000000000000000 ) ) ;
#326 = ORIENTED_EDGE ( 'NONE', *, *, #788, .F. ) ;
#327 = VERTEX_POINT ( 'NONE', #1762 ) ;
#328 = EDGE_CURVE ( 'NONE', #1572, #1725, #426, .T. ) ;
#329 = DIRECTION ( 'NONE',  ( 1.000000000000000000, -0.000000000000000000, 0.000000000000000000 ) ) ;
#330 = LINE ( 'NONE', #486, #861 ) ;
#331 = CARTESIAN_POINT ( 'NONE',  ( 0.000000000000000000, 15.91836734693877631, 4.000000000000000000 ) ) ;
#332 = LINE ( 'NONE', #1221, #658 ) ;
#333 = DIRECTION ( 'NONE',  ( 0.000000000000000000, -1.000000000000000000, 0.000000000000000000 ) ) ;
#334 = DIRECTION ( 'NONE',  ( 1.000000000000000000, 0.000000000000000000, 0.000000000000000000 ) ) ;
#335 = CARTESIAN_POINT ( 'NONE',  ( -88.00000000000000000, 32.00000000000000000, 4.000000000000000000 ) ) ;
#336 = ORIENTED_EDGE ( 'NONE', *, *, #1864, .T. ) ;
#337 = VECTOR ( 'NONE', #1856, 1000.000000000000000 ) ;
#338 = VECTOR ( 'NONE', #1058, 1000.000000000000000 ) ;
#339 = CARTESIAN_POINT ( 'NONE',  ( -66.00000000000000000, 46.00000000000000000, 14.00000000000000000 ) ) ;
#340 = LINE ( 'NONE', #1074, #182 ) ;
#341 = PLANE ( 'NONE',  #1567 ) ;
#342 = CARTESIAN_POINT ( 'NONE',  ( -92.70000000000000284, 27.97959183673469497, 17.19999999999999929 ) ) ;
#343 = CARTESIAN_POINT ( 'NONE',  ( 8.944271909999159220, 40.00000000000000000, 14.00000000000000000 ) ) ;
#344 = DIRECTION ( 'NONE',  ( -0.000000000000000000, -1.000000000000000000, -0.000000000000000000 ) ) ;
#345 = EDGE_CURVE ( 'NONE', #31, #1187, #275, .T. ) ;
#346 = EDGE_CURVE ( 'NONE', #1768, #226, #1741, .T. ) ;
#347 = ORIENTED_EDGE ( 'NONE', *, *, #653, .T. ) ;
#348 = ORIENTED_EDGE ( 'NONE', *, *, #1704, .F. ) ;
#349 = FACE_OUTER_BOUND ( 'NONE', #546, .T. ) ;
#350 = DIRECTION ( 'NONE',  ( 0.000000000000000000, 0.9087719012829100773, -0.4172932199768464301 ) ) ;
#351 = DIRECTION ( 'NONE',  ( 0.000000000000000000, 0.000000000000000000, -1.000000000000000000 ) ) ;
#352 = LINE ( 'NONE', #1244, #1145 ) ;
#353 = LOCAL_TIME ( 0, 50, 30.00000000000000000, #1057 ) ;
#354 = DIRECTION ( 'NONE',  ( -0.000000000000000000, -0.000000000000000000, -1.000000000000000000 ) ) ;
#355 = DIRECTION ( 'NONE',  ( 0.6725435249936395632, -0.3088210063746361089, -0.6725435249936518867 ) ) ;
#356 = EDGE_LOOP ( 'NONE', ( #441, #918, #1463, #407, #82, #1050, #1747, #1176, #1895, #1327, #492, #756, #1134, #648, #1395, #1441 ) ) ;
#357 = EDGE_CURVE ( 'NONE', #559, #897, #1027, .T. ) ;
#358 = DIRECTION ( 'NONE',  ( 1.000000000000000000, 0.000000000000000000, 0.000000000000000000 ) ) ;
#359 = FACE_OUTER_BOUND ( 'NONE', #925, .T. ) ;
#360 = EDGE_CURVE ( 'NONE', #1427, #504, #1137, .T. ) ;
#361 = CARTESIAN_POINT ( 'NONE',  ( 95.00000000000000000, 59.11224489795903736, 84.99999999999968736 ) ) ;
#362 = CARTESIAN_POINT ( 'NONE',  ( 7.912359452070250043, 24.99999999999999289, 10.71111111111109793 ) ) ;
#363 = EDGE_CURVE ( 'NONE', #1748, #1737, #1157, .T. ) ;
#364 = DIRECTION ( 'NONE',  ( 1.000000000000000000, 0.000000000000000000, 0.000000000000000000 ) ) ;
#365 = AXIS2_PLACEMENT_3D ( 'NONE', #1423, #1870, #89 ) ;
#366 = ORIENTED_EDGE ( 'NONE', *, *, #837, .T. ) ;
#367 = VECTOR ( 'NONE', #1214, 1000.000000000000000 ) ;
#368 = DIRECTION ( 'NONE',  ( 1.000000000000000000, 0.000000000000000000, 0.000000000000000000 ) ) ;
#369 = CC_DESIGN_DATE_AND_TIME_ASSIGNMENT ( #733, #1461, ( #225 ) ) ;
#370 = ADVANCED_FACE ( 'NONE', ( #1731 ), #405, .F. ) ;
#371 = CARTESIAN_POINT ( 'NONE',  ( -80.00000000000000000, 110.0000000000000000, 100.0000000000000000 ) ) ;
#372 = LINE ( 'NONE', #532, #1025 ) ;
#373 = LINE ( 'NONE', #667, #109 ) ;
#374 = VERTEX_POINT ( 'NONE', #1180 ) ;
#375 = ORIENTED_EDGE ( 'NONE', *, *, #77, .T. ) ;
#376 = PLANE ( 'NONE',  #1316 ) ;
#377 = CARTESIAN_POINT ( 'NONE',  ( -88.00000000000000000, 193.0000000000000000, 22.00000000000000000 ) ) ;
#378 = EDGE_CURVE ( 'NONE', #1051, #304, #719, .T. ) ;
#379 = CARTESIAN_POINT ( 'NONE',  ( 1.102182119232617911E-15, 31.10204081632653228, 24.00000000000000000 ) ) ;
#380 = AXIS2_PLACEMENT_3D ( 'NONE', #1073, #1646, #777 ) ;
#381 = EDGE_LOOP ( 'NONE', ( #537, #1041, #440, #548 ) ) ;
#382 = ORIENTED_EDGE ( 'NONE', *, *, #215, .T. ) ;
#383 = EDGE_LOOP ( 'NONE', ( #1932, #125, #1665, #382 ) ) ;
#384 = VECTOR ( 'NONE', #827, 1000.000000000000000 ) ;
#385 = VECTOR ( 'NONE', #1462, 1000.000000000000000 ) ;
#386 = EDGE_CURVE ( 'NONE', #938, #1574, #996, .T. ) ;
#387 = LINE ( 'NONE', #200, #43 ) ;
#388 = EDGE_CURVE ( 'NONE', #1360, #1444, #185, .T. ) ;
#389 = DIRECTION ( 'NONE',  ( -0.000000000000000000, -0.000000000000000000, -1.000000000000000000 ) ) ;
#390 = CARTESIAN_POINT ( 'NONE',  ( -68.50000000000000000, 48.00000000000000000, 20.39999999999999858 ) ) ;
#391 = VERTEX_POINT ( 'NONE', #1302 ) ;
#392 = ORIENTED_EDGE ( 'NONE', *, *, #94, .T. ) ;
#393 = ORIENTED_EDGE ( 'NONE', *, *, #674, .T. ) ;
#394 = CARTESIAN_POINT ( 'NONE',  ( 95.00000000000000000, -8.000000000000000000, 4.000000000000000000 ) ) ;
#395 = AXIS2_PLACEMENT_3D ( 'NONE', #1534, #1088, #931 ) ;
#396 = DIRECTION ( 'NONE',  ( -1.000000000000000000, 0.000000000000000000, -0.000000000000000000 ) ) ;
#397 = VECTOR ( 'NONE', #1097, 1000.000000000000000 ) ;
#398 = CARTESIAN_POINT ( 'NONE',  ( -46.00000000000000000, 33.03061224489795933, 28.19999999999999574 ) ) ;
#399 = ORIENTED_EDGE ( 'NONE', *, *, #1533, .F. ) ;
#400 = PLANE ( 'NONE',  #742 ) ;
#401 = ORIENTED_EDGE ( 'NONE', *, *, #794, .T. ) ;
#402 = ORIENTED_EDGE ( 'NONE', *, *, #550, .F. ) ;
#403 = EDGE_CURVE ( 'NONE', #184, #612, #853, .T. ) ;
#404 = FACE_OUTER_BOUND ( 'NONE', #635, .T. ) ;
#405 = PLANE ( 'NONE',  #1861 ) ;
#406 = DIRECTION ( 'NONE',  ( 0.000000000000000000, -1.000000000000000000, 0.000000000000000000 ) ) ;
#407 = ORIENTED_EDGE ( 'NONE', *, *, #273, .T. ) ;
#408 = CARTESIAN_POINT ( 'NONE',  ( -95.00000000000000000, 21.00000000000000000, 2.000000000000000000 ) ) ;
#409 = ORIENTED_EDGE ( 'NONE', *, *, #1879, .F. ) ;
#410 = ORIENTED_EDGE ( 'NONE', *, *, #1114, .T. ) ;
#411 = ORIENTED_EDGE ( 'NONE', *, *, #378, .T. ) ;
#412 = DIRECTION ( 'NONE',  ( 0.000000000000000000, 0.000000000000000000, 1.000000000000000000 ) ) ;
#413 = EDGE_CURVE ( 'NONE', #972, #1905, #1313, .T. ) ;
#414 = DIRECTION ( 'NONE',  ( 0.000000000000000000, -1.000000000000000000, 0.000000000000000000 ) ) ;
#415 = DIRECTION ( 'NONE',  ( -0.000000000000000000, -0.000000000000000000, -1.000000000000000000 ) ) ;
#416 =( NAMED_UNIT ( * ) SI_UNIT ( $, .STERADIAN. ) SOLID_ANGLE_UNIT ( ) );
#417 = VERTEX_POINT ( 'NONE', #731 ) ;
#418 = ADVANCED_FACE ( 'NONE', ( #565 ), #1615, .T. ) ;
#419 = FACE_BOUND ( 'NONE', #1924, .T. ) ;
#420 = ORIENTED_EDGE ( 'NONE', *, *, #495, .T. ) ;
#421 = ORIENTED_EDGE ( 'NONE', *, *, #1814, .F. ) ;
#422 = ORIENTED_EDGE ( 'NONE', *, *, #1168, .F. ) ;
#423 = CARTESIAN_POINT ( 'NONE',  ( -66.00000000000000000, 48.00000000000000000, 21.79999999999999716 ) ) ;
#424 = EDGE_CURVE ( 'NONE', #304, #97, #340, .T. ) ;
#425 = CC_DESIGN_APPROVAL ( #878, ( #225 ) ) ;
#426 = LINE ( 'NONE', #1889, #771 ) ;
#427 = VECTOR ( 'NONE', #786, 1000.000000000000000 ) ;
#428 = AXIS2_PLACEMENT_3D ( 'NONE', #286, #889, #1439 ) ;
#429 = CYLINDRICAL_SURFACE ( 'NONE', #739, 9.000000000000001776 ) ;
#430 = DIRECTION ( 'NONE',  ( 0.000000000000000000, 0.4172932199768464301, 0.9087719012829100773 ) ) ;
#431 = ORIENTED_EDGE ( 'NONE', *, *, #1034, .T. ) ;
#432 = ORIENTED_EDGE ( 'NONE', *, *, #11, .T. ) ;
#433 = EDGE_LOOP ( 'NONE', ( #452, #1226, #1872, #181 ) ) ;
#434 = DIRECTION ( 'NONE',  ( -0.000000000000000000, -0.000000000000000000, 1.000000000000000000 ) ) ;
#435 = CARTESIAN_POINT ( 'NONE',  ( -95.00000000000000000, -8.000000000000000000, 0.000000000000000000 ) ) ;
#436 = FACE_OUTER_BOUND ( 'NONE', #746, .T. ) ;
#437 = APPLICATION_PROTOCOL_DEFINITION ( 'international standard', 'config_control_design', 1994, #65 ) ;
#438 = ADVANCED_FACE ( 'NONE', ( #929 ), #175, .T. ) ;
#439 = CARTESIAN_POINT ( 'NONE',  ( -88.00000000000000000, 193.0000000000000000, 4.000000000000000000 ) ) ;
#440 = ORIENTED_EDGE ( 'NONE', *, *, #1292, .F. ) ;
#441 = ORIENTED_EDGE ( 'NONE', *, *, #600, .F. ) ;
#442 = EDGE_LOOP ( 'NONE', ( #211, #1599, #1094, #998 ) ) ;
#443 = ORIENTED_EDGE ( 'NONE', *, *, #424, .F. ) ;
#444 = VECTOR ( 'NONE', #1844, 1000.000000000000000 ) ;
#445 = DIRECTION ( 'NONE',  ( 0.7071067811865512365, 0.000000000000000000, 0.7071067811865439090 ) ) ;
#446 = PLANE ( 'NONE',  #980 ) ;
#447 = DIRECTION ( 'NONE',  ( 0.000000000000000000, 1.000000000000000000, 0.000000000000000000 ) ) ;
#448 = CALENDAR_DATE ( 2026, 30, 7 ) ;
#449 = LINE ( 'NONE', #179, #309 ) ;
#450 = DIRECTION ( 'NONE',  ( 0.000000000000000000, 0.000000000000000000, 1.000000000000000000 ) ) ;
#451 = CC_DESIGN_PERSON_AND_ORGANIZATION_ASSIGNMENT ( #1637, #866, ( #1907 ) ) ;
#452 = ORIENTED_EDGE ( 'NONE', *, *, #884, .T. ) ;
#453 = ORIENTED_EDGE ( 'NONE', *, *, #933, .T. ) ;
#454 = ORIENTED_EDGE ( 'NONE', *, *, #162, .F. ) ;
#455 = ORIENTED_EDGE ( 'NONE', *, *, #86, .F. ) ;
#456 = LINE ( 'NONE', #22, #880 ) ;
#457 = CARTESIAN_POINT ( 'NONE',  ( -66.00000000000000000, 0.000000000000000000, 14.00000000000000000 ) ) ;
#458 = VECTOR ( 'NONE', #1555, 1000.000000000000000 ) ;
#459 = PERSON_AND_ORGANIZATION_ROLE ( 'design_owner' ) ;
#460 = DIRECTION ( 'NONE',  ( 0.000000000000000000, -0.4172932199768464301, -0.9087719012829100773 ) ) ;
#461 = DIRECTION ( 'NONE',  ( -1.000000000000000000, 0.000000000000000000, 0.000000000000000000 ) ) ;
#462 = ORIENTED_EDGE ( 'NONE', *, *, #600, .T. ) ;
#463 = ORIENTED_EDGE ( 'NONE', *, *, #769, .F. ) ;
#464 = DIRECTION ( 'NONE',  ( 0.000000000000000000, 1.000000000000000000, 0.000000000000000000 ) ) ;
#465 = LINE ( 'NONE', #1676, #230 ) ;
#466 = DIRECTION ( 'NONE',  ( -0.000000000000000000, 0.000000000000000000, -1.000000000000000000 ) ) ;
#467 = LINE ( 'NONE', #762, #1405 ) ;
#468 = DIRECTION ( 'NONE',  ( 0.000000000000000000, -1.000000000000000000, 0.000000000000000000 ) ) ;
#469 = EDGE_CURVE ( 'NONE', #1734, #1497, #197, .T. ) ;
#470 = EDGE_LOOP ( 'NONE', ( #851, #796 ) ) ;
#471 = EDGE_LOOP ( 'NONE', ( #814, #879, #161 ) ) ;
#472 = PLANE ( 'NONE',  #694 ) ;
#473 = CARTESIAN_POINT ( 'NONE',  ( -95.00000000000000000, 21.00000000000000000, 2.000000000000000000 ) ) ;
#474 = DIRECTION ( 'NONE',  ( 1.000000000000000000, 0.000000000000000000, 0.000000000000000000 ) ) ;
#475 = AXIS2_PLACEMENT_3D ( 'NONE', #852, #1290, #412 ) ;
#476 = EDGE_CURVE ( 'NONE', #1151, #894, #1833, .T. ) ;
#477 = PLANE ( 'NONE',  #57 ) ;
#478 = VECTOR ( 'NONE', #1054, 1000.000000000000000 ) ;
#479 = VECTOR ( 'NONE', #198, 1000.000000000000000 ) ;
#480 = CARTESIAN_POINT ( 'NONE',  ( -95.00000000000000000, 27.03061224489795933, 28.20000000000000284 ) ) ;
#481 = CARTESIAN_POINT ( 'NONE',  ( -95.00000000000000000, 200.0000000000000000, 0.000000000000000000 ) ) ;
#482 = ORIENTED_EDGE ( 'NONE', *, *, #957, .T. ) ;
#483 = EDGE_CURVE ( 'NONE', #707, #374, #767, .T. ) ;
#484 = ORIENTED_EDGE ( 'NONE', *, *, #1717, .F. ) ;
#485 = LINE ( 'NONE', #948, #282 ) ;
#486 = CARTESIAN_POINT ( 'NONE',  ( 92.70000000000000284, 27.30000000000000071, 17.19999999999999929 ) ) ;
#487 = LINE ( 'NONE', #1211, #479 ) ;
#488 = CARTESIAN_POINT ( 'NONE',  ( -95.00000000000000000, 24.99999999999999289, 22.00000000000000000 ) ) ;
#489 = ADVANCED_FACE ( 'NONE', ( #187 ), #1228, .T. ) ;
#490 = DIRECTION ( 'NONE',  ( 0.000000000000000000, 1.000000000000000000, 0.000000000000000000 ) ) ;
#491 = DIRECTION ( 'NONE',  ( -0.000000000000000000, -1.000000000000000000, -0.000000000000000000 ) ) ;
#492 = ORIENTED_EDGE ( 'NONE', *, *, #363, .T. ) ;
#493 = ORIENTED_EDGE ( 'NONE', *, *, #882, .F. ) ;
#494 = VECTOR ( 'NONE', #922, 1000.000000000000000 ) ;
#495 = EDGE_CURVE ( 'NONE', #99, #725, #47, .T. ) ;
#496 = CARTESIAN_POINT ( 'NONE',  ( -86.00000000000000000, 48.00000000000000000, 21.79999999999999716 ) ) ;
#497 = DIRECTION ( 'NONE',  ( 0.000000000000000000, 0.000000000000000000, -1.000000000000000000 ) ) ;
#498 = CARTESIAN_POINT ( 'NONE',  ( 88.00000000000000000, 32.00000000000000000, 22.00000000000000000 ) ) ;
#499 = VECTOR ( 'NONE', #1193, 1000.000000000000000 ) ;
#500 = CARTESIAN_POINT ( 'NONE',  ( -9.008178394447057258, 26.77267207976668573, 14.57159697371412754 ) ) ;
#501 = DIRECTION ( 'NONE',  ( 1.000000000000000000, 0.000000000000000000, 0.000000000000000000 ) ) ;
#502 = CARTESIAN_POINT ( 'NONE',  ( -95.00000000000000000, -8.000000000000000000, 0.000000000000000000 ) ) ;
#503 = CARTESIAN_POINT ( 'NONE',  ( -86.00000000000000000, 0.000000000000000000, 14.00000000000000000 ) ) ;
#504 = VERTEX_POINT ( 'NONE', #1520 ) ;
#505 = CARTESIAN_POINT ( 'NONE',  ( 95.00000000000000000, -8.000000000000000000, 17.19999999999999929 ) ) ;
#506 = DIRECTION ( 'NONE',  ( 0.000000000000000000, -0.000000000000000000, -1.000000000000000000 ) ) ;
#507 = LINE ( 'NONE', #371, #885 ) ;
#508 =( BOUNDED_CURVE ( )  B_SPLINE_CURVE ( 3, ( #68, #959, #1703, #1390 ),
 .UNSPECIFIED., .F., .T. ) 
 B_SPLINE_CURVE_WITH_KNOTS ( ( 4, 4 ),
 ( 0.000000000000000000, 3.141592653589793116 ),
 .UNSPECIFIED. ) 
 CURVE ( )  GEOMETRIC_REPRESENTATION_ITEM ( )  RATIONAL_B_SPLINE_CURVE ( ( 1.000000000000000000, 0.3333333333333333703, 0.3333333333333333703, 1.000000000000000000 ) ) 
 REPRESENTATION_ITEM ( '' )  );
#509 = EDGE_CURVE ( 'NONE', #1164, #897, #330, .T. ) ;
#510 = CC_DESIGN_APPROVAL ( #1231, ( #1907 ) ) ;
#511 = CARTESIAN_POINT ( 'NONE',  ( 46.00000000000001421, 21.00000000000000000, 2.000000000000000000 ) ) ;
#512 = DIRECTION ( 'NONE',  ( 0.000000000000000000, 0.000000000000000000, -1.000000000000000000 ) ) ;
#513 = ORIENTED_EDGE ( 'NONE', *, *, #45, .F. ) ;
#514 = EDGE_CURVE ( 'NONE', #847, #1884, #1376, .T. ) ;
#515 = CARTESIAN_POINT ( 'NONE',  ( -95.00000000000000000, -8.000000000000000000, 14.00000000000000000 ) ) ;
#516 = CARTESIAN_POINT ( 'NONE',  ( -88.00000000000000000, 32.00000000000000000, 22.00000000000000000 ) ) ;
#517 = FACE_OUTER_BOUND ( 'NONE', #1474, .T. ) ;
#518 = LINE ( 'NONE', #1101, #858 ) ;
#519 = ORIENTED_EDGE ( 'NONE', *, *, #1013, .F. ) ;
#520 = ORIENTED_EDGE ( 'NONE', *, *, #388, .T. ) ;
#521 = AXIS2_PLACEMENT_3D ( 'NONE', #79, #813, #512 ) ;
#522 = VECTOR ( 'NONE', #1576, 1000.000000000000000 ) ;
#523 = LINE ( 'NONE', #664, #132 ) ;
#524 = DIRECTION ( 'NONE',  ( -1.000000000000000000, 0.000000000000000000, 0.000000000000000000 ) ) ;
#525 = LINE ( 'NONE', #1237, #1701 ) ;
#526 = EDGE_LOOP ( 'NONE', ( #1633, #316, #840, #1589 ) ) ;
#527 = ORIENTED_EDGE ( 'NONE', *, *, #1687, .T. ) ;
#528 = EDGE_LOOP ( 'NONE', ( #1287, #163, #1155, #1144 ) ) ;
#529 = ADVANCED_FACE ( 'NONE', ( #1528 ), #1266, .T. ) ;
#530 = CARTESIAN_POINT ( 'NONE',  ( -8.944271909999159220, 26.51020408163265074, 14.00000000000000000 ) ) ;
#531 = ADVANCED_FACE ( 'NONE', ( #678, #795 ), #1848, .F. ) ;
#532 = CARTESIAN_POINT ( 'NONE',  ( -92.70000000000000284, 197.6999999999999886, 14.00000000000000000 ) ) ;
#533 = EDGE_CURVE ( 'NONE', #675, #1164, #1561, .T. ) ;
#534 = CARTESIAN_POINT ( 'NONE',  ( -95.00000000000000000, 59.11224489795924342, 85.00000000000015632 ) ) ;
#535 = VECTOR ( 'NONE', #186, 1000.000000000000000 ) ;
#536 = ORIENTED_EDGE ( 'NONE', *, *, #1514, .F. ) ;
#537 = ORIENTED_EDGE ( 'NONE', *, *, #701, .F. ) ;
#538 = ORIENTED_EDGE ( 'NONE', *, *, #1687, .F. ) ;
#539 = AXIS2_PLACEMENT_3D ( 'NONE', #1012, #1146, #1729 ) ;
#540 = LINE ( 'NONE', #394, #723 ) ;
#541 = CARTESIAN_POINT ( 'NONE',  ( -83.50000000000000000, 64.00000000000000000, 20.39999999999999858 ) ) ;
#542 = EDGE_CURVE ( 'NONE', #261, #1277, #1708, .T. ) ;
#543 = DIRECTION ( 'NONE',  ( 0.000000000000000000, -0.000000000000000000, -1.000000000000000000 ) ) ;
#544 = ORIENTED_EDGE ( 'NONE', *, *, #797, .T. ) ;
#545 = FACE_OUTER_BOUND ( 'NONE', #1588, .T. ) ;
#546 = EDGE_LOOP ( 'NONE', ( #228, #1339, #1867, #1184 ) ) ;
#547 = VECTOR ( 'NONE', #491, 1000.000000000000000 ) ;
#548 = ORIENTED_EDGE ( 'NONE', *, *, #1456, .F. ) ;
#549 = CARTESIAN_POINT ( 'NONE',  ( 1.102182119232617911E-15, 31.10204081632653228, 24.00000000000000000 ) ) ;
#550 = EDGE_CURVE ( 'NONE', #571, #972, #52, .T. ) ;
#551 = VECTOR ( 'NONE', #890, 1000.000000000000000 ) ;
#552 = DIRECTION ( 'NONE',  ( -1.000000000000000000, -0.000000000000000000, -0.000000000000000000 ) ) ;
#553 = AXIS2_PLACEMENT_3D ( 'NONE', #1326, #461, #137 ) ;
#554 = LINE ( 'NONE', #1440, #296 ) ;
#555 = EDGE_CURVE ( 'NONE', #1768, #1304, #518, .T. ) ;
#556 = AXIS2_PLACEMENT_3D ( 'NONE', #1680, #1370, #202 ) ;
#557 = ORIENTED_EDGE ( 'NONE', *, *, #70, .F. ) ;
#558 = DIRECTION ( 'NONE',  ( 0.000000000000000000, 0.000000000000000000, 1.000000000000000000 ) ) ;
#559 = VERTEX_POINT ( 'NONE', #945 ) ;
#560 = ORIENTED_EDGE ( 'NONE', *, *, #1783, .F. ) ;
#561 = EDGE_CURVE ( 'NONE', #1746, #147, #1448, .T. ) ;
#562 = VERTEX_POINT ( 'NONE', #335 ) ;
#563 = CARTESIAN_POINT ( 'NONE',  ( 95.00000000000000000, 24.99999999999999289, 22.00000000000000000 ) ) ;
#564 = EDGE_CURVE ( 'NONE', #938, #1497, #805, .T. ) ;
#565 = FACE_OUTER_BOUND ( 'NONE', #1538, .T. ) ;
#566 = DIRECTION ( 'NONE',  ( -1.000000000000000000, -0.000000000000000000, -0.000000000000000000 ) ) ;
#567 = VERTEX_POINT ( 'NONE', #646 ) ;
#568 = DIRECTION ( 'NONE',  ( 0.000000000000000000, 0.000000000000000000, -1.000000000000000000 ) ) ;
#569 = ORIENTED_EDGE ( 'NONE', *, *, #597, .F. ) ;
#570 = AXIS2_PLACEMENT_3D ( 'NONE', #1199, #294, #445 ) ;
#571 = VERTEX_POINT ( 'NONE', #1417 ) ;
#572 = ORIENTED_EDGE ( 'NONE', *, *, #690, .F. ) ;
#573 = VECTOR ( 'NONE', #1200, 1000.000000000000000 ) ;
#574 = DIRECTION ( 'NONE',  ( 1.000000000000000000, 0.000000000000000000, 0.000000000000000000 ) ) ;
#575 = CARTESIAN_POINT ( 'NONE',  ( -3.387472920117807540, 22.83673469387754906, 5.999999999999998224 ) ) ;
#576 = CARTESIAN_POINT ( 'NONE',  ( -92.70000000000000284, 197.6999999999999886, 17.19999999999999929 ) ) ;
#577 = PERSON_AND_ORGANIZATION ( #1392, #1281 ) ;
#578 = FACE_OUTER_BOUND ( 'NONE', #1040, .T. ) ;
#579 = VERTEX_POINT ( 'NONE', #821 ) ;
#580 = ORIENTED_EDGE ( 'NONE', *, *, #1879, .T. ) ;
#581 = ORIENTED_EDGE ( 'NONE', *, *, #67, .F. ) ;
#582 = CARTESIAN_POINT ( 'NONE',  ( 46.00000000000000711, 33.03061224489796643, 28.20000000000000284 ) ) ;
#583 = EDGE_CURVE ( 'NONE', #1609, #1655, #525, .T. ) ;
#584 = CARTESIAN_POINT ( 'NONE',  ( -64.00000000000000000, 43.99999999999998579, 22.00000000000000000 ) ) ;
#585 = VECTOR ( 'NONE', #1752, 1000.000000000000000 ) ;
#586 = PRODUCT ( 'jet_ski_dash_tray_v3', 'jet_ski_dash_tray_v3', '', ( #1213 ) ) ;
#587 = PLANE ( 'NONE',  #1645 ) ;
#588 = APPROVAL_STATUS ( 'not_yet_approved' ) ;
#589 = AXIS2_PLACEMENT_3D ( 'NONE', #1111, #1845, #506 ) ;
#590 = DIRECTION ( 'NONE',  ( -0.000000000000000000, -0.000000000000000000, -1.000000000000000000 ) ) ;
#591 = EDGE_LOOP ( 'NONE', ( #1562, #724, #744, #1820 ) ) ;
#592 = ORIENTED_EDGE ( 'NONE', *, *, #239, .T. ) ;
#593 = ORIENTED_EDGE ( 'NONE', *, *, #1591, .F. ) ;
#594 = EDGE_CURVE ( 'NONE', #1734, #1594, #937, .T. ) ;
#595 = FACE_OUTER_BOUND ( 'NONE', #1830, .T. ) ;
#596 = EDGE_CURVE ( 'NONE', #1224, #307, #1109, .T. ) ;
#597 = EDGE_CURVE ( 'NONE', #1496, #1609, #802, .T. ) ;
#598 = DIRECTION ( 'NONE',  ( -1.000000000000000000, 0.000000000000000000, -0.000000000000000000 ) ) ;
#599 = PERSON_AND_ORGANIZATION ( #1392, #1281 ) ;
#600 = EDGE_CURVE ( 'NONE', #1777, #1609, #218, .T. ) ;
#601 = CARTESIAN_POINT ( 'NONE',  ( -46.00000000000000000, 0.000000000000000000, 0.000000000000000000 ) ) ;
#602 = ORIENTED_EDGE ( 'NONE', *, *, #708, .T. ) ;
#603 = ORIENTED_EDGE ( 'NONE', *, *, #215, .F. ) ;
#604 = EDGE_LOOP ( 'NONE', ( #1295, #126, #204, #1517 ) ) ;
#605 = ORIENTED_EDGE ( 'NONE', *, *, #1114, .F. ) ;
#606 = LOCAL_TIME ( 0, 50, 30.00000000000000000, #2 ) ;
#607 = PLANE ( 'NONE',  #380 ) ;
#608 = CARTESIAN_POINT ( 'NONE',  ( -95.00000000000000000, 26.51020408163265429, 13.99999999999999822 ) ) ;
#609 = CARTESIAN_POINT ( 'NONE',  ( -95.00000000000000000, 60.00000000000000000, 100.0000000000000000 ) ) ;
#610 = FACE_OUTER_BOUND ( 'NONE', #1726, .T. ) ;
#611 = FACE_OUTER_BOUND ( 'NONE', #855, .T. ) ;
#612 = VERTEX_POINT ( 'NONE', #656 ) ;
#613 = VERTEX_POINT ( 'NONE', #1249 ) ;
#614 = ORIENTED_EDGE ( 'NONE', *, *, #1648, .F. ) ;
#615 = CARTESIAN_POINT ( 'NONE',  ( -46.00000000000000000, 60.00000000000000000, 100.0000000000000000 ) ) ;
#616 = DIRECTION ( 'NONE',  ( 0.000000000000000000, 0.000000000000000000, 1.000000000000000000 ) ) ;
#617 = VECTOR ( 'NONE', #566, 1000.000000000000000 ) ;
#618 = CARTESIAN_POINT ( 'NONE',  ( -88.00000000000000000, 32.00000000000000000, 22.00000000000000000 ) ) ;
#619 = DATE_AND_TIME ( #1651, #606 ) ;
#620 = AXIS2_PLACEMENT_3D ( 'NONE', #1323, #638, #650 ) ;
#621 = DIRECTION ( 'NONE',  ( -0.000000000000000000, -0.000000000000000000, -1.000000000000000000 ) ) ;
#622 = AXIS2_PLACEMENT_3D ( 'NONE', #986, #240, #95 ) ;
#623 = CARTESIAN_POINT ( 'NONE',  ( -46.00000000000000000, 59.20000000000000284, 80.79999999999999716 ) ) ;
#624 = ORIENTED_EDGE ( 'NONE', *, *, #363, .F. ) ;
#625 = EDGE_CURVE ( 'NONE', #1506, #847, #1841, .T. ) ;
#626 = ORIENTED_EDGE ( 'NONE', *, *, #632, .T. ) ;
#627 = DIRECTION ( 'NONE',  ( 1.000000000000000000, 0.000000000000000000, 0.000000000000000000 ) ) ;
#628 = CARTESIAN_POINT ( 'NONE',  ( 95.00000000000000000, 60.00000000000000000, 100.0000000000000000 ) ) ;
#629 = DIRECTION ( 'NONE',  ( 0.000000000000000000, 1.000000000000000000, 0.000000000000000000 ) ) ;
#630 = ADVANCED_FACE ( 'NONE', ( #954 ), #1547, .F. ) ;
#631 = CARTESIAN_POINT ( 'NONE',  ( 92.70000000000000284, 197.6999999999999886, 17.19999999999999929 ) ) ;
#632 = EDGE_CURVE ( 'NONE', #1320, #905, #373, .T. ) ;
#633 = LINE ( 'NONE', #923, #663 ) ;
#634 = LINE ( 'NONE', #39, #643 ) ;
#635 = EDGE_LOOP ( 'NONE', ( #150, #984, #1319, #679, #1799, #680, #850 ) ) ;
#636 = ORIENTED_EDGE ( 'NONE', *, *, #388, .F. ) ;
#637 = LINE ( 'NONE', #615, #1105 ) ;
#638 = DIRECTION ( 'NONE',  ( -1.000000000000000000, 0.000000000000000000, 0.000000000000000000 ) ) ;
#639 = CARTESIAN_POINT ( 'NONE',  ( 95.00000000000000000, -8.000000000000000000, 14.00000000000000000 ) ) ;
#640 = VECTOR ( 'NONE', #464, 1000.000000000000000 ) ;
#641 = DIRECTION ( 'NONE',  ( 0.000000000000000000, 0.4172932199768464301, 0.9087719012829100773 ) ) ;
#642 = VECTOR ( 'NONE', #434, 1000.000000000000000 ) ;
#643 = VECTOR ( 'NONE', #1236, 1000.000000000000000 ) ;
#644 = CARTESIAN_POINT ( 'NONE',  ( -95.00000000000000000, 60.00000000000000000, 100.0000000000000000 ) ) ;
#645 = LINE ( 'NONE', #1805, #1232 ) ;
#646 = CARTESIAN_POINT ( 'NONE',  ( -66.00000000000000000, 66.00000000000000000, 14.00000000000000000 ) ) ;
#647 = ORIENTED_EDGE ( 'NONE', *, *, #70, .T. ) ;
#648 = ORIENTED_EDGE ( 'NONE', *, *, #346, .F. ) ;
#649 = CARTESIAN_POINT ( 'NONE',  ( 8.944271909999159220, 26.51020408163265074, 14.00000000000000000 ) ) ;
#650 = DIRECTION ( 'NONE',  ( 0.000000000000000000, 0.000000000000000000, 1.000000000000000000 ) ) ;
#651 = DIRECTION ( 'NONE',  ( -0.000000000000000000, 1.000000000000000000, 0.000000000000000000 ) ) ;
#652 = DIRECTION ( 'NONE',  ( 0.000000000000000000, -0.000000000000000000, -1.000000000000000000 ) ) ;
#653 = EDGE_CURVE ( 'NONE', #1360, #1709, #210, .T. ) ;
#654 = DIRECTION ( 'NONE',  ( -0.000000000000000000, 0.000000000000000000, 1.000000000000000000 ) ) ;
#655 = LINE ( 'NONE', #644, #62 ) ;
#656 = CARTESIAN_POINT ( 'NONE',  ( -95.00000000000000000, 24.99999999999999289, 4.000000000000000000 ) ) ;
#657 = ORIENTED_EDGE ( 'NONE', *, *, #960, .F. ) ;
#658 = VECTOR ( 'NONE', #1378, 1000.000000000000000 ) ;
#659 = EDGE_CURVE ( 'NONE', #1496, #1709, #865, .T. ) ;
#660 = DIRECTION ( 'NONE',  ( -0.000000000000000000, 1.000000000000000000, -0.000000000000000000 ) ) ;
#661 = CARTESIAN_POINT ( 'NONE',  ( 46.00000000000000711, 57.18367346938775597, 80.79999999999999716 ) ) ;
#662 = VECTOR ( 'NONE', #651, 1000.000000000000000 ) ;
#663 = VECTOR ( 'NONE', #1660, 1000.000000000000000 ) ;
#664 = CARTESIAN_POINT ( 'NONE',  ( -86.00000000000000000, 48.00000000000000000, 20.39999999999999858 ) ) ;
#665 = ADVANCED_FACE ( 'NONE', ( #242, #1015 ), #1605, .F. ) ;
#666 = CARTESIAN_POINT ( 'NONE',  ( -86.78472189516327262, 56.88456647671077349, 93.21527810483679843 ) ) ;
#667 = CARTESIAN_POINT ( 'NONE',  ( 0.000000000000000000, 27.97959183673469497, 17.19999999999999929 ) ) ;
#668 = EDGE_CURVE ( 'NONE', #1777, #1724, #29, .T. ) ;
#669 = EDGE_LOOP ( 'NONE', ( #536, #520, #1082, #1010, #402, #869, #1453 ) ) ;
#670 = CARTESIAN_POINT ( 'NONE',  ( -88.00000000000000000, 43.99999999999998579, 22.00000000000000000 ) ) ;
#671 = CARTESIAN_POINT ( 'NONE',  ( -66.00000000000000000, 64.00000000000000000, 20.39999999999999858 ) ) ;
#672 = LINE ( 'NONE', #1121, #1268 ) ;
#673 = CARTESIAN_POINT ( 'NONE',  ( 95.00000000000000000, 24.99999999999999289, 22.00000000000000000 ) ) ;
#674 = EDGE_CURVE ( 'NONE', #1881, #833, #1460, .T. ) ;
#675 = VERTEX_POINT ( 'NONE', #267 ) ;
#676 = LINE ( 'NONE', #207, #1076 ) ;
#677 = CARTESIAN_POINT ( 'NONE',  ( 0.000000000000000000, 0.000000000000000000, 4.000000000000000000 ) ) ;
#678 = FACE_BOUND ( 'NONE', #471, .T. ) ;
#679 = ORIENTED_EDGE ( 'NONE', *, *, #939, .T. ) ;
#680 = ORIENTED_EDGE ( 'NONE', *, *, #413, .T. ) ;
#681 = ORIENTED_EDGE ( 'NONE', *, *, #11, .F. ) ;
#682 = VECTOR ( 'NONE', #1283, 1000.000000000000000 ) ;
#683 = VECTOR ( 'NONE', #812, 1000.000000000000000 ) ;
#684 = LINE ( 'NONE', #49, #1818 ) ;
#685 = CARTESIAN_POINT ( 'NONE',  ( 0.000000000000000000, 22.83673469387754906, 5.999999999999998224 ) ) ;
#686 = DIRECTION ( 'NONE',  ( -1.000000000000000000, 0.000000000000000000, -0.000000000000000000 ) ) ;
#687 = ORIENTED_EDGE ( 'NONE', *, *, #166, .T. ) ;
#688 = ORIENTED_EDGE ( 'NONE', *, *, #668, .F. ) ;
#689 = ORIENTED_EDGE ( 'NONE', *, *, #1888, .T. ) ;
#690 = EDGE_CURVE ( 'NONE', #21, #1224, #987, .T. ) ;
#691 = LINE ( 'NONE', #1466, #1389 ) ;
#692 = DIRECTION ( 'NONE',  ( -1.000000000000000000, -0.000000000000000000, -0.000000000000000000 ) ) ;
#693 = CARTESIAN_POINT ( 'NONE',  ( 0.000000000000000000, 0.000000000000000000, 22.00000000000000000 ) ) ;
#694 = AXIS2_PLACEMENT_3D ( 'NONE', #1622, #1488, #1353 ) ;
#695 = VERTEX_POINT ( 'NONE', #576 ) ;
#696 = LINE ( 'NONE', #1442, #1649 ) ;
#697 = ORIENTED_EDGE ( 'NONE', *, *, #483, .T. ) ;
#698 = VERTEX_POINT ( 'NONE', #1139 ) ;
#699 = PLANE ( 'NONE',  #475 ) ;
#700 = CARTESIAN_POINT ( 'NONE',  ( -95.00000000000000000, 200.0000000000000000, 17.19999999999999929 ) ) ;
#701 = EDGE_CURVE ( 'NONE', #1563, #1196, #1713, .T. ) ;
#702 = DIRECTION ( 'NONE',  ( -0.000000000000000000, -0.000000000000000000, -1.000000000000000000 ) ) ;
#703 = ORIENTED_EDGE ( 'NONE', *, *, #1414, .F. ) ;
#704 = DIRECTION ( 'NONE',  ( 0.000000000000000000, 1.000000000000000000, 0.000000000000000000 ) ) ;
#705 = ORIENTED_EDGE ( 'NONE', *, *, #727, .T. ) ;
#706 = VECTOR ( 'NONE', #209, 1000.000000000000000 ) ;
#707 = VERTEX_POINT ( 'NONE', #1432 ) ;
#708 = EDGE_CURVE ( 'NONE', #1485, #1051, #554, .T. ) ;
#709 = DIRECTION ( 'NONE',  ( -0.000000000000000000, -1.000000000000000000, -0.000000000000000000 ) ) ;
#710 = DIRECTION ( 'NONE',  ( 0.000000000000000000, 1.000000000000000000, 0.000000000000000000 ) ) ;
#711 = DIRECTION ( 'NONE',  ( 0.000000000000000000, 1.000000000000000000, 0.000000000000000000 ) ) ;
#712 = VERTEX_POINT ( 'NONE', #1284 ) ;
#713 = DIRECTION ( 'NONE',  ( -1.000000000000000000, 0.000000000000000000, 0.000000000000000000 ) ) ;
#714 = ORIENTED_EDGE ( 'NONE', *, *, #127, .T. ) ;
#715 = VERTEX_POINT ( 'NONE', #830 ) ;
#716 = EDGE_LOOP ( 'NONE', ( #883, #1110, #1288, #1759 ) ) ;
#717 = ADVANCED_FACE ( 'NONE', ( #1150 ), #104, .F. ) ;
#718 = CARTESIAN_POINT ( 'NONE',  ( 0.000000000000000000, 24.99999999999999289, 5.999999999999998224 ) ) ;
#719 = LINE ( 'NONE', #1909, #1766 ) ;
#720 = LINE ( 'NONE', #1577, #1293 ) ;
#721 = CARTESIAN_POINT ( 'NONE',  ( -92.70000000000000284, 27.30000000000000071, 15.72000000000000064 ) ) ;
#722 = VERTEX_POINT ( 'NONE', #1755 ) ;
#723 = VECTOR ( 'NONE', #1771, 1000.000000000000000 ) ;
#724 = ORIENTED_EDGE ( 'NONE', *, *, #564, .F. ) ;
#725 = VERTEX_POINT ( 'NONE', #534 ) ;
#726 = EDGE_CURVE ( 'NONE', #1021, #1341, #979, .T. ) ;
#727 = EDGE_CURVE ( 'NONE', #1298, #559, #720, .T. ) ;
#728 = VECTOR ( 'NONE', #816, 1000.000000000000000 ) ;
#729 = VECTOR ( 'NONE', #734, 1000.000000000000000 ) ;
#730 = DIRECTION ( 'NONE',  ( 0.000000000000000000, -0.000000000000000000, 1.000000000000000000 ) ) ;
#731 = CARTESIAN_POINT ( 'NONE',  ( -66.00000000000000000, 46.00000000000000000, 22.00000000000000000 ) ) ;
#732 = CARTESIAN_POINT ( 'NONE',  ( -66.00000000000000000, 48.00000000000000000, 20.39999999999999858 ) ) ;
#733 = DATE_AND_TIME ( #448, #1592 ) ;
#734 = DIRECTION ( 'NONE',  ( -0.000000000000000000, -0.000000000000000000, -1.000000000000000000 ) ) ;
#735 = VERTEX_POINT ( 'NONE', #839 ) ;
#736 = ORIENTED_EDGE ( 'NONE', *, *, #1569, .T. ) ;
#737 = ORIENTED_EDGE ( 'NONE', *, *, #884, .F. ) ;
#738 = CARTESIAN_POINT ( 'NONE',  ( -5.656854249492384135, 30.18367346938775242, 22.00000000000000000 ) ) ;
#739 = AXIS2_PLACEMENT_3D ( 'NONE', #177, #1616, #1480 ) ;
#740 = DIRECTION ( 'NONE',  ( 0.000000000000000000, 0.000000000000000000, -1.000000000000000000 ) ) ;
#741 = PERSON_AND_ORGANIZATION_ROLE ( 'creator' ) ;
#742 = AXIS2_PLACEMENT_3D ( 'NONE', #98, #1587, #1702 ) ;
#743 = FACE_OUTER_BOUND ( 'NONE', #1262, .T. ) ;
#744 = ORIENTED_EDGE ( 'NONE', *, *, #386, .T. ) ;
#745 = EDGE_LOOP ( 'NONE', ( #1901, #1143, #54, #392 ) ) ;
#746 = EDGE_LOOP ( 'NONE', ( #1904, #927, #236, #1123 ) ) ;
#747 = ORIENTED_EDGE ( 'NONE', *, *, #1610, .T. ) ;
#748 = FACE_OUTER_BOUND ( 'NONE', #528, .T. ) ;
#749 = LINE ( 'NONE', #1343, #1471 ) ;
#750 = ADVANCED_FACE ( 'NONE', ( #96 ), #1880, .F. ) ;
#751 = CARTESIAN_POINT ( 'NONE',  ( 0.000000000000000000, 0.000000000000000000, 4.000000000000000000 ) ) ;
#752 = COORDINATED_UNIVERSAL_TIME_OFFSET ( 5, 0, .BEHIND. ) ;
#753 = CARTESIAN_POINT ( 'NONE',  ( -86.00000000000000000, 64.00000000000000000, 20.39999999999999858 ) ) ;
#754 = CARTESIAN_POINT ( 'NONE',  ( -86.00000000000000000, 46.00000000000000000, 22.00000000000000000 ) ) ;
#755 = ORIENTED_EDGE ( 'NONE', *, *, #113, .T. ) ;
#756 = ORIENTED_EDGE ( 'NONE', *, *, #1897, .T. ) ;
#757 = EDGE_LOOP ( 'NONE', ( #1351, #152, #614 ) ) ;
#758 = CARTESIAN_POINT ( 'NONE',  ( 0.000000000000000000, 27.97959183673469497, 17.19999999999999929 ) ) ;
#759 = CARTESIAN_POINT ( 'NONE',  ( 0.000000000000000000, 24.99999999999999289, 15.00000000000000000 ) ) ;
#760 = CARTESIAN_POINT ( 'NONE',  ( 95.00000000000000000, -8.000000000000000000, 4.000000000000000000 ) ) ;
#761 = DIRECTION ( 'NONE',  ( 1.000000000000000000, 0.000000000000000000, 0.000000000000000000 ) ) ;
#762 = CARTESIAN_POINT ( 'NONE',  ( -92.70000000000000284, 26.64773411299337624, 14.29950984607446962 ) ) ;
#763 = PLANE ( 'NONE',  #1753 ) ;
#764 = ORIENTED_EDGE ( 'NONE', *, *, #1206, .F. ) ;
#765 = ORIENTED_EDGE ( 'NONE', *, *, #1858, .T. ) ;
#766 = CARTESIAN_POINT ( 'NONE',  ( -68.50000000000000000, 48.00000000000000000, 21.79999999999999716 ) ) ;
#767 = LINE ( 'NONE', #23, #932 ) ;
#768 = CARTESIAN_POINT ( 'NONE',  ( -88.00000000000000000, 68.00000000000000000, 22.00000000000000000 ) ) ;
#769 = EDGE_CURVE ( 'NONE', #1412, #317, #997, .T. ) ;
#770 = FACE_OUTER_BOUND ( 'NONE', #1613, .T. ) ;
#771 = VECTOR ( 'NONE', #552, 1000.000000000000000 ) ;
#772 = PLANE ( 'NONE',  #556 ) ;
#773 = VECTOR ( 'NONE', #819, 1000.000000000000000 ) ;
#774 = CARTESIAN_POINT ( 'NONE',  ( -86.00000000000000000, 48.00000000000000000, 20.39999999999999858 ) ) ;
#775 = ORIENTED_EDGE ( 'NONE', *, *, #1185, .T. ) ;
#776 = ORIENTED_EDGE ( 'NONE', *, *, #1192, .F. ) ;
#777 = DIRECTION ( 'NONE',  ( 0.000000000000000000, -0.000000000000000000, 1.000000000000000000 ) ) ;
#778 = DIRECTION ( 'NONE',  ( 0.000000000000000000, 1.000000000000000000, 0.000000000000000000 ) ) ;
#779 = DIRECTION ( 'NONE',  ( 0.000000000000000000, 0.9087719012829100773, -0.4172932199768464301 ) ) ;
#780 = CARTESIAN_POINT ( 'NONE',  ( 79.99999999999998579, 65.99999999999998579, 100.0000000000000000 ) ) ;
#781 = CARTESIAN_POINT ( 'NONE',  ( -68.50000000000000000, 48.00000000000000000, 21.79999999999999716 ) ) ;
#782 = DIRECTION ( 'NONE',  ( 0.000000000000000000, 0.000000000000000000, -1.000000000000000000 ) ) ;
#783 = CARTESIAN_POINT ( 'NONE',  ( 95.00000000000000000, 21.00000000000000000, 2.000000000000000000 ) ) ;
#784 = VERTEX_POINT ( 'NONE', #398 ) ;
#785 = CARTESIAN_POINT ( 'NONE',  ( -88.00000000000000000, 68.00000000000000000, 22.00000000000000000 ) ) ;
#786 = DIRECTION ( 'NONE',  ( 0.000000000000000000, -0.4172932199768464301, -0.9087719012829100773 ) ) ;
#787 = DIRECTION ( 'NONE',  ( 0.000000000000000000, 0.000000000000000000, -1.000000000000000000 ) ) ;
#788 = EDGE_CURVE ( 'NONE', #1436, #1216, #1585, .T. ) ;
#789 = AXIS2_PLACEMENT_3D ( 'NONE', #1575, #1311, #730 ) ;
#790 = CARTESIAN_POINT ( 'NONE',  ( -68.50000000000000000, 64.00000000000000000, 21.79999999999999716 ) ) ;
#791 = LINE ( 'NONE', #36, #1733 ) ;
#792 = CIRCLE ( 'NONE', #1720, 9.000000000000001776 ) ;
#793 = LINE ( 'NONE', #170, #810 ) ;
#794 = EDGE_CURVE ( 'NONE', #1746, #504, #1890, .T. ) ;
#795 = FACE_OUTER_BOUND ( 'NONE', #860, .T. ) ;
#796 = ORIENTED_EDGE ( 'NONE', *, *, #882, .T. ) ;
#797 = EDGE_CURVE ( 'NONE', #725, #722, #1593, .T. ) ;
#798 = FACE_OUTER_BOUND ( 'NONE', #716, .T. ) ;
#799 = EDGE_CURVE ( 'NONE', #562, #1118, #25, .T. ) ;
#800 = DIRECTION ( 'NONE',  ( 0.000000000000000000, -1.000000000000000000, 0.000000000000000000 ) ) ;
#801 = ADVANCED_FACE ( 'NONE', ( #770 ), #1066, .T. ) ;
#802 = CIRCLE ( 'NONE', #1886, 9.000000000000001776 ) ;
#803 = ADVANCED_FACE ( 'NONE', ( #1919 ), #1928, .F. ) ;
#804 = CARTESIAN_POINT ( 'NONE',  ( 95.00000000000000000, 200.0000000000000000, 14.00000000000000000 ) ) ;
#805 = LINE ( 'NONE', #224, #1638 ) ;
#806 = EDGE_LOOP ( 'NONE', ( #1743, #422, #1756, #736 ) ) ;
#807 = AXIS2_PLACEMENT_3D ( 'NONE', #1170, #873, #1492 ) ;
#808 = DIRECTION ( 'NONE',  ( 0.000000000000000000, 1.000000000000000000, 0.000000000000000000 ) ) ;
#809 = PLANE ( 'NONE',  #1250 ) ;
#810 = VECTOR ( 'NONE', #1504, 1000.000000000000000 ) ;
#811 = PLANE ( 'NONE',  #285 ) ;
#812 = DIRECTION ( 'NONE',  ( -0.000000000000000000, -0.000000000000000000, -1.000000000000000000 ) ) ;
#813 = DIRECTION ( 'NONE',  ( 1.000000000000000000, 0.000000000000000000, 0.000000000000000000 ) ) ;
#814 = ORIENTED_EDGE ( 'NONE', *, *, #403, .F. ) ;
#815 = FACE_OUTER_BOUND ( 'NONE', #1683, .T. ) ;
#816 = DIRECTION ( 'NONE',  ( 1.000000000000000000, 0.000000000000000000, 0.000000000000000000 ) ) ;
#817 = AXIS2_PLACEMENT_3D ( 'NONE', #1182, #1764, #761 ) ;
#818 = ADVANCED_FACE ( 'NONE', ( #135 ), #1658, .T. ) ;
#819 = DIRECTION ( 'NONE',  ( 1.000000000000000000, 0.000000000000000000, 0.000000000000000000 ) ) ;
#820 = VECTOR ( 'NONE', #975, 1000.000000000000000 ) ;
#821 = CARTESIAN_POINT ( 'NONE',  ( 95.00000000000000000, 27.97959183673469497, 17.19999999999999929 ) ) ;
#822 = VECTOR ( 'NONE', #924, 1000.000000000000000 ) ;
#823 = ADVANCED_FACE ( 'NONE', ( #287, #322 ), #429, .F. ) ;
#824 = ORIENTED_EDGE ( 'NONE', *, *, #1233, .F. ) ;
#825 = ORIENTED_EDGE ( 'NONE', *, *, #424, .T. ) ;
#826 = ORIENTED_EDGE ( 'NONE', *, *, #483, .F. ) ;
#827 = DIRECTION ( 'NONE',  ( -0.000000000000000000, -1.000000000000000000, -0.000000000000000000 ) ) ;
#828 = ADVANCED_FACE ( 'NONE', ( #1028 ), #587, .F. ) ;
#829 = DIRECTION ( 'NONE',  ( -0.000000000000000000, -1.000000000000000000, -0.000000000000000000 ) ) ;
#830 = CARTESIAN_POINT ( 'NONE',  ( -66.00000000000000000, 66.00000000000000000, 22.00000000000000000 ) ) ;
#831 = ORIENTED_EDGE ( 'NONE', *, *, #476, .F. ) ;
#832 = ORIENTED_EDGE ( 'NONE', *, *, #1309, .T. ) ;
#833 = VERTEX_POINT ( 'NONE', #732 ) ;
#834 = VECTOR ( 'NONE', #1802, 1000.000000000000000 ) ;
#835 = DIRECTION ( 'NONE',  ( 0.000000000000000000, -1.000000000000000000, 0.000000000000000000 ) ) ;
#836 = VECTOR ( 'NONE', #967, 1000.000000000000000 ) ;
#837 = EDGE_CURVE ( 'NONE', #1563, #1506, #1181, .T. ) ;
#838 = LINE ( 'NONE', #1689, #1612 ) ;
#839 = CARTESIAN_POINT ( 'NONE',  ( -80.00000000000000000, 60.00000000000000000, 100.0000000000000000 ) ) ;
#840 = ORIENTED_EDGE ( 'NONE', *, *, #166, .F. ) ;
#841 = ORIENTED_EDGE ( 'NONE', *, *, #625, .F. ) ;
#842 = ORIENTED_EDGE ( 'NONE', *, *, #1414, .T. ) ;
#843 = LINE ( 'NONE', #1917, #1225 ) ;
#844 = DIRECTION ( 'NONE',  ( 0.000000000000000000, -0.000000000000000000, -1.000000000000000000 ) ) ;
#845 = CARTESIAN_POINT ( 'NONE',  ( 4.039638619366586525, 30.78378409611227440, 23.30690758708894350 ) ) ;
#846 = APPROVAL_PERSON_ORGANIZATION ( #1470, #1839, #1920 ) ;
#847 = VERTEX_POINT ( 'NONE', #1774 ) ;
#848 = ADVANCED_FACE ( 'NONE', ( #436 ), #1037, .T. ) ;
#849 = CARTESIAN_POINT ( 'NONE',  ( 0.000000000000000000, 32.00000000000000000, 15.00000000000000000 ) ) ;
#850 = ORIENTED_EDGE ( 'NONE', *, *, #1446, .F. ) ;
#851 = ORIENTED_EDGE ( 'NONE', *, *, #1508, .T. ) ;
#852 = CARTESIAN_POINT ( 'NONE',  ( 95.00000000000000000, -8.000000000000000000, 4.000000000000000000 ) ) ;
#853 = LINE ( 'NONE', #1447, #585 ) ;
#854 = CARTESIAN_POINT ( 'NONE',  ( -88.00000000000000000, 43.99999999999998579, 14.00000000000000000 ) ) ;
#855 = EDGE_LOOP ( 'NONE', ( #841, #1307, #1564, #140 ) ) ;
#856 = LINE ( 'NONE', #949, #1678 ) ;
#857 = VERTEX_POINT ( 'NONE', #1345 ) ;
#858 = VECTOR ( 'NONE', #1382, 1000.000000000000000 ) ;
#859 = VERTEX_POINT ( 'NONE', #1190 ) ;
#860 = EDGE_LOOP ( 'NONE', ( #293, #1251, #657, #1916, #1925, #893, #431, #234, #1883, #1621, #455, #1217 ) ) ;
#861 = VECTOR ( 'NONE', #778, 1000.000000000000000 ) ;
#862 = LINE ( 'NONE', #1156, #320 ) ;
#863 = VECTOR ( 'NONE', #490, 1000.000000000000000 ) ;
#864 = DIRECTION ( 'NONE',  ( 1.000000000000000000, 0.000000000000000000, 0.000000000000000000 ) ) ;
#865 = LINE ( 'NONE', #1131, #53 ) ;
#866 = PERSON_AND_ORGANIZATION_ROLE ( 'design_supplier' ) ;
#867 = PLANE ( 'NONE',  #1473 ) ;
#868 = ORIENTED_EDGE ( 'NONE', *, *, #1168, .T. ) ;
#869 = ORIENTED_EDGE ( 'NONE', *, *, #1623, .F. ) ;
#870 = EDGE_LOOP ( 'NONE', ( #393, #348, #1874, #290 ) ) ;
#871 = DIRECTION ( 'NONE',  ( -0.000000000000000000, -0.000000000000000000, -1.000000000000000000 ) ) ;
#872 = CARTESIAN_POINT ( 'NONE',  ( -5.656854249492382358, 40.00000000000000000, 22.00000000000000000 ) ) ;
#873 = DIRECTION ( 'NONE',  ( 0.000000000000000000, -0.000000000000000000, 1.000000000000000000 ) ) ;
#874 = ADVANCED_FACE ( 'NONE', ( #1 ), #1782, .F. ) ;
#875 = SECURITY_CLASSIFICATION_LEVEL ( 'unclassified' ) ;
#876 = ADVANCED_FACE ( 'NONE', ( #1636, #297, #900 ), #913, .T. ) ;
#877 = DIRECTION ( 'NONE',  ( 0.000000000000000000, 0.9087719012829100773, -0.4172932199768464301 ) ) ;
#878 = APPROVAL ( #588, 'UNSPECIFIED' ) ;
#879 = ORIENTED_EDGE ( 'NONE', *, *, #1022, .F. ) ;
#880 = VECTOR ( 'NONE', #627, 1000.000000000000000 ) ;
#881 = EDGE_LOOP ( 'NONE', ( #1499, #527, #1285, #64 ) ) ;
#882 = EDGE_CURVE ( 'NONE', #1197, #1580, #1166, .T. ) ;
#883 = ORIENTED_EDGE ( 'NONE', *, *, #67, .T. ) ;
#884 = EDGE_CURVE ( 'NONE', #983, #894, #311, .T. ) ;
#885 = VECTOR ( 'NONE', #1106, 1000.000000000000000 ) ;
#886 = EDGE_CURVE ( 'NONE', #226, #1372, #12, .T. ) ;
#887 = VECTOR ( 'NONE', #468, 1000.000000000000000 ) ;
#888 = FACE_OUTER_BOUND ( 'NONE', #1154, .T. ) ;
#889 = DIRECTION ( 'NONE',  ( 0.000000000000000000, -1.000000000000000000, 0.000000000000000000 ) ) ;
#890 = DIRECTION ( 'NONE',  ( 0.6725435249936501103, 0.3088210063746319456, 0.6725435249936431159 ) ) ;
#891 = CARTESIAN_POINT ( 'NONE',  ( -5.656854249492384135, 30.18367346938775242, 22.00000000000000000 ) ) ;
#892 = ORIENTED_EDGE ( 'NONE', *, *, #514, .F. ) ;
#893 = ORIENTED_EDGE ( 'NONE', *, *, #1305, .F. ) ;
#894 = VERTEX_POINT ( 'NONE', #1099 ) ;
#895 = ADVANCED_FACE ( 'NONE', ( #1838 ), #50, .F. ) ;
#896 = VECTOR ( 'NONE', #1394, 1000.000000000000000 ) ;
#897 = VERTEX_POINT ( 'NONE', #631 ) ;
#898 = DIRECTION ( 'NONE',  ( 0.000000000000000000, 0.000000000000000000, -1.000000000000000000 ) ) ;
#899 = AXIS2_PLACEMENT_3D ( 'NONE', #751, #1763, #1368 ) ;
#900 = FACE_OUTER_BOUND ( 'NONE', #1175, .T. ) ;
#901 = PERSON_AND_ORGANIZATION ( #1392, #1281 ) ;
#902 = LINE ( 'NONE', #158, #338 ) ;
#903 = AXIS2_PLACEMENT_3D ( 'NONE', #1913, #713, #450 ) ;
#904 = LINE ( 'NONE', #1629, #134 ) ;
#905 = VERTEX_POINT ( 'NONE', #342 ) ;
#906 = ORIENTED_EDGE ( 'NONE', *, *, #386, .F. ) ;
#907 = ORIENTED_EDGE ( 'NONE', *, *, #957, .F. ) ;
#908 = ORIENTED_EDGE ( 'NONE', *, *, #939, .F. ) ;
#909 = ADVANCED_FACE ( 'NONE', ( #1679 ), #1391, .T. ) ;
#910 = CARTESIAN_POINT ( 'NONE',  ( 5.656854249492384135, 30.18367346938775242, 22.00000000000000000 ) ) ;
#911 = LINE ( 'NONE', #1065, #1910 ) ;
#912 =( BOUNDED_CURVE ( )  B_SPLINE_CURVE ( 3, ( #58, #1415, #500, #530 ),
 .UNSPECIFIED., .F., .F. ) 
 B_SPLINE_CURVE_WITH_KNOTS ( ( 4, 4 ),
 ( 4.632303400351030831, 4.823729994725653114 ),
 .UNSPECIFIED. ) 
 CURVE ( )  GEOMETRIC_REPRESENTATION_ITEM ( )  RATIONAL_B_SPLINE_CURVE ( ( 1.000000000000000000, 0.9969486521067147944, 0.9969486521067147944, 1.000000000000000000 ) ) 
 REPRESENTATION_ITEM ( '' )  );
#913 = PLANE ( 'NONE',  #148 ) ;
#914 = DIRECTION ( 'NONE',  ( -1.000000000000000000, 0.000000000000000000, 0.000000000000000000 ) ) ;
#915 = FACE_OUTER_BOUND ( 'NONE', #745, .T. ) ;
#916 = ORIENTED_EDGE ( 'NONE', *, *, #1814, .T. ) ;
#917 = EDGE_CURVE ( 'NONE', #897, #695, #332, .T. ) ;
#918 = ORIENTED_EDGE ( 'NONE', *, *, #1717, .T. ) ;
#919 = CARTESIAN_POINT ( 'NONE',  ( -95.00000000000000000, 60.00000000000000000, 100.0000000000000000 ) ) ;
#920 = CARTESIAN_POINT ( 'NONE',  ( -95.00000000000000000, 21.91836734693877631, 4.000000000000000000 ) ) ;
#921 = VECTOR ( 'NONE', #334, 1000.000000000000000 ) ;
#922 = DIRECTION ( 'NONE',  ( 1.000000000000000000, -0.000000000000000000, 0.000000000000000000 ) ) ;
#923 = CARTESIAN_POINT ( 'NONE',  ( -95.00000000000000000, 200.0000000000000000, 17.19999999999999929 ) ) ;
#924 = DIRECTION ( 'NONE',  ( 0.000000000000000000, 1.000000000000000000, 0.000000000000000000 ) ) ;
#925 = EDGE_LOOP ( 'NONE', ( #1198, #279, #399, #139 ) ) ;
#926 = ADVANCED_FACE ( 'NONE', ( #943 ), #477, .T. ) ;
#927 = ORIENTED_EDGE ( 'NONE', *, *, #1312, .F. ) ;
#928 = CARTESIAN_POINT ( 'NONE',  ( 46.00000000000000000, 0.000000000000000000, 0.000000000000000000 ) ) ;
#929 = FACE_OUTER_BOUND ( 'NONE', #1020, .T. ) ;
#930 = LINE ( 'NONE', #1668, #323 ) ;
#931 = DIRECTION ( 'NONE',  ( 0.000000000000000000, -0.000000000000000000, -1.000000000000000000 ) ) ;
#932 = VECTOR ( 'NONE', #1219, 1000.000000000000000 ) ;
#933 = EDGE_CURVE ( 'NONE', #698, #579, #791, .T. ) ;
#934 = LINE ( 'NONE', #944, #1739 ) ;
#935 = VECTOR ( 'NONE', #1722, 1000.000000000000000 ) ;
#936 = CARTESIAN_POINT ( 'NONE',  ( -66.00000000000000000, 46.00000000000000000, 22.00000000000000000 ) ) ;
#937 = LINE ( 'NONE', #673, #458 ) ;
#938 = VERTEX_POINT ( 'NONE', #780 ) ;
#939 = EDGE_CURVE ( 'NONE', #612, #128, #352, .T. ) ;
#940 = CARTESIAN_POINT ( 'NONE',  ( -95.00000000000000000, 66.00000000000000000, 100.0000000000000000 ) ) ;
#941 = CARTESIAN_POINT ( 'NONE',  ( 0.000000000000000000, 0.000000000000000000, 20.39999999999999858 ) ) ;
#942 = DIRECTION ( 'NONE',  ( -1.000000000000000000, 0.000000000000000000, 0.000000000000000000 ) ) ;
#943 = FACE_OUTER_BOUND ( 'NONE', #1443, .T. ) ;
#944 = CARTESIAN_POINT ( 'NONE',  ( -92.70000000000000284, 197.6999999999999886, 14.00000000000000000 ) ) ;
#945 = CARTESIAN_POINT ( 'NONE',  ( 92.70000000000000284, 197.6999999999999886, 14.00000000000000000 ) ) ;
#946 = ORIENTED_EDGE ( 'NONE', *, *, #1730, .T. ) ;
#947 = ORIENTED_EDGE ( 'NONE', *, *, #143, .F. ) ;
#948 = CARTESIAN_POINT ( 'NONE',  ( -86.00000000000000000, 66.00000000000000000, 22.00000000000000000 ) ) ;
#949 = CARTESIAN_POINT ( 'NONE',  ( -92.70000000000000284, 27.30000000000000071, 14.00000000000000000 ) ) ;
#950 = LOCAL_TIME ( 0, 50, 30.00000000000000000, #312 ) ;
#951 = DIRECTION ( 'NONE',  ( -0.000000000000000000, -0.000000000000000000, -1.000000000000000000 ) ) ;
#952 = DIRECTION ( 'NONE',  ( 1.000000000000000000, -0.000000000000000000, 0.000000000000000000 ) ) ;
#953 = LINE ( 'NONE', #1545, #1117 ) ;
#954 = FACE_OUTER_BOUND ( 'NONE', #526, .T. ) ;
#955 = ORIENTED_EDGE ( 'NONE', *, *, #533, .F. ) ;
#956 = CARTESIAN_POINT ( 'NONE',  ( 46.00000000000000711, 51.18367346938774887, 80.79999999999999716 ) ) ;
#957 = EDGE_CURVE ( 'NONE', #1062, #1894, #1812, .T. ) ;
#958 = CARTESIAN_POINT ( 'NONE',  ( -86.00000000000000000, 46.00000000000000000, 22.00000000000000000 ) ) ;
#959 = CARTESIAN_POINT ( 'NONE',  ( -18.00000000000000000, 16.83673469387754551, 5.999999999999998224 ) ) ;
#960 = EDGE_CURVE ( 'NONE', #1412, #99, #1234, .T. ) ;
#961 = VECTOR ( 'NONE', #1571, 1000.000000000000000 ) ;
#962 = MANIFOLD_SOLID_BREP ( 'Right Screen Holder Corner Chamfer', #1896 ) ;
#963 = FACE_OUTER_BOUND ( 'NONE', #433, .T. ) ;
#964 = DIRECTION ( 'NONE',  ( -0.000000000000000000, -1.000000000000000000, -0.000000000000000000 ) ) ;
#965 = LOCAL_TIME ( 0, 50, 30.00000000000000000, #752 ) ;
#966 = ORIENTED_EDGE ( 'NONE', *, *, #244, .T. ) ;
#967 = DIRECTION ( 'NONE',  ( -0.000000000000000000, -0.000000000000000000, -1.000000000000000000 ) ) ;
#968 = DIRECTION ( 'NONE',  ( -1.000000000000000000, -0.000000000000000000, -0.000000000000000000 ) ) ;
#969 = EDGE_CURVE ( 'NONE', #859, #784, #696, .T. ) ;
#970 = DIRECTION ( 'NONE',  ( 1.000000000000000000, 0.000000000000000000, 0.000000000000000000 ) ) ;
#971 = CARTESIAN_POINT ( 'NONE',  ( 5.656854249492382358, 40.00000000000000000, 22.00000000000000000 ) ) ;
#972 = VERTEX_POINT ( 'NONE', #1882 ) ;
#973 = VERTEX_POINT ( 'NONE', #1893 ) ;
#974 = EDGE_CURVE ( 'NONE', #31, #1496, #1837, .T. ) ;
#975 = DIRECTION ( 'NONE',  ( 0.000000000000000000, 1.000000000000000000, 0.000000000000000000 ) ) ;
#976 = AXIS2_PLACEMENT_3D ( 'NONE', #1003, #1210, #1063 ) ;
#977 = CARTESIAN_POINT ( 'NONE',  ( 0.000000000000000000, 26.51020408163265074, 14.00000000000000000 ) ) ;
#978 = VECTOR ( 'NONE', #1532, 1000.000000000000000 ) ;
#979 = LINE ( 'NONE', #854, #1396 ) ;
#980 = AXIS2_PLACEMENT_3D ( 'NONE', #1521, #474, #787 ) ;
#981 = EDGE_CURVE ( 'NONE', #1021, #1748, #1152, .T. ) ;
#982 = ORIENTED_EDGE ( 'NONE', *, *, #476, .T. ) ;
#983 = VERTEX_POINT ( 'NONE', #56 ) ;
#984 = ORIENTED_EDGE ( 'NONE', *, *, #1514, .T. ) ;
#985 = DIRECTION ( 'NONE',  ( -1.000000000000000000, 0.000000000000000000, 0.000000000000000000 ) ) ;
#986 = CARTESIAN_POINT ( 'NONE',  ( 0.000000000000000000, 0.000000000000000000, 0.000000000000000000 ) ) ;
#987 = LINE ( 'NONE', #1275, #617 ) ;
#988 = ORIENTED_EDGE ( 'NONE', *, *, #19, .F. ) ;
#989 = ORIENTED_EDGE ( 'NONE', *, *, #469, .F. ) ;
#990 = VERTEX_POINT ( 'NONE', #661 ) ;
#991 = EDGE_CURVE ( 'NONE', #1655, #1768, #1242, .T. ) ;
#992 = AXIS2_PLACEMENT_3D ( 'NONE', #144, #740, #598 ) ;
#993 = DIRECTION ( 'NONE',  ( 0.000000000000000000, 0.4172932199768464301, 0.9087719012829100773 ) ) ;
#994 = VECTOR ( 'NONE', #1852, 1000.000000000000000 ) ;
#995 = ADVANCED_FACE ( 'NONE', ( #798 ), #809, .F. ) ;
#996 = LINE ( 'NONE', #1004, #1677 ) ;
#997 = LINE ( 'NONE', #1732, #1400 ) ;
#998 = ORIENTED_EDGE ( 'NONE', *, *, #59, .T. ) ;
#999 = DIRECTION ( 'NONE',  ( -0.000000000000000000, -1.000000000000000000, -0.000000000000000000 ) ) ;
#1000 = ORIENTED_EDGE ( 'NONE', *, *, #231, .F. ) ;
#1001 = ORIENTED_EDGE ( 'NONE', *, *, #726, .F. ) ;
#1002 = ADVANCED_FACE ( 'NONE', ( #545 ), #213, .T. ) ;
#1003 = CARTESIAN_POINT ( 'NONE',  ( 0.000000000000000000, 0.000000000000000000, 4.000000000000000000 ) ) ;
#1004 = CARTESIAN_POINT ( 'NONE',  ( 79.99999999999998579, 110.0000000000000000, 100.0000000000000000 ) ) ;
#1005 = CARTESIAN_POINT ( 'NONE',  ( -8.944271909999159220, 40.00000000000000000, 14.00000000000000000 ) ) ;
#1006 = ORIENTED_EDGE ( 'NONE', *, *, #674, .F. ) ;
#1007 = CARTESIAN_POINT ( 'NONE',  ( -95.00000000000000000, 33.03061224489796643, 28.20000000000000284 ) ) ;
#1008 = EDGE_LOOP ( 'NONE', ( #689, #1643, #989, #484, #1009, #1475, #560, #420, #544 ) ) ;
#1009 = ORIENTED_EDGE ( 'NONE', *, *, #668, .T. ) ;
#1010 = ORIENTED_EDGE ( 'NONE', *, *, #413, .F. ) ;
#1011 = EDGE_CURVE ( 'NONE', #695, #905, #1834, .T. ) ;
#1012 = CARTESIAN_POINT ( 'NONE',  ( -95.00000000000000000, 200.0000000000000000, 4.000000000000000000 ) ) ;
#1013 = EDGE_CURVE ( 'NONE', #784, #1673, #1142, .T. ) ;
#1014 = DIRECTION ( 'NONE',  ( -0.6725435249936501103, -0.3088210063746319456, -0.6725435249936431159 ) ) ;
#1015 = FACE_OUTER_BOUND ( 'NONE', #356, .T. ) ;
#1016 = DATE_AND_TIME ( #277, #353 ) ;
#1017 = ORIENTED_EDGE ( 'NONE', *, *, #1754, .F. ) ;
#1018 = LINE ( 'NONE', #1607, #385 ) ;
#1019 = ORIENTED_EDGE ( 'NONE', *, *, #469, .T. ) ;
#1020 = EDGE_LOOP ( 'NONE', ( #1420, #1817, #1361, #1006 ) ) ;
#1021 = VERTEX_POINT ( 'NONE', #1434 ) ;
#1022 = EDGE_CURVE ( 'NONE', #1338, #184, #1558, .T. ) ;
#1023 = VECTOR ( 'NONE', #1363, 1000.000000000000000 ) ;
#1024 = CARTESIAN_POINT ( 'NONE',  ( 0.000000000000000000, 30.18367346938775242, 22.00000000000000000 ) ) ;
#1025 = VECTOR ( 'NONE', #88, 1000.000000000000000 ) ;
#1026 = EDGE_CURVE ( 'NONE', #374, #1746, #856, .T. ) ;
#1027 = LINE ( 'NONE', #264, #682 ) ;
#1028 = FACE_OUTER_BOUND ( 'NONE', #1465, .T. ) ;
#1029 = PERSON_AND_ORGANIZATION ( #1392, #1281 ) ;
#1030 = DIRECTION ( 'NONE',  ( 1.000000000000000000, 0.000000000000000000, 0.000000000000000000 ) ) ;
#1031 = VERTEX_POINT ( 'NONE', #1451 ) ;
#1032 = EDGE_LOOP ( 'NONE', ( #401, #219, #1452 ) ) ;
#1033 = ORIENTED_EDGE ( 'NONE', *, *, #357, .T. ) ;
#1034 = EDGE_CURVE ( 'NONE', #1427, #857, #1695, .T. ) ;
#1035 = CARTESIAN_POINT ( 'NONE',  ( -2.079277238733166833, 31.10204081632653228, 24.00000000000000000 ) ) ;
#1036 = DIRECTION ( 'NONE',  ( 0.000000000000000000, -1.000000000000000000, 0.000000000000000000 ) ) ;
#1037 = PLANE ( 'NONE',  #992 ) ;
#1038 = LINE ( 'NONE', #1205, #1332 ) ;
#1039 = ORIENTED_EDGE ( 'NONE', *, *, #1064, .T. ) ;
#1040 = EDGE_LOOP ( 'NONE', ( #1598, #1760, #410, #1866, #173, #1903 ) ) ;
#1041 = ORIENTED_EDGE ( 'NONE', *, *, #1859, .F. ) ;
#1042 = ORIENTED_EDGE ( 'NONE', *, *, #378, .F. ) ;
#1043 = DIRECTION ( 'NONE',  ( 0.000000000000000000, 0.4172932199768464301, 0.9087719012829100773 ) ) ;
#1044 = CARTESIAN_POINT ( 'NONE',  ( -95.00000000000000000, 27.97959183673469497, 17.19999999999999929 ) ) ;
#1045 = ADVANCED_FACE ( 'NONE', ( #359 ), #1735, .F. ) ;
#1046 = DIRECTION ( 'NONE',  ( 0.000000000000000000, -0.000000000000000000, 1.000000000000000000 ) ) ;
#1047 = FACE_OUTER_BOUND ( 'NONE', #1450, .T. ) ;
#1048 = CARTESIAN_POINT ( 'NONE',  ( -95.00000000000000000, 53.11224489795925052, 85.00000000000015632 ) ) ;
#1049 = ORIENTED_EDGE ( 'NONE', *, *, #1301, .F. ) ;
#1050 = ORIENTED_EDGE ( 'NONE', *, *, #1783, .T. ) ;
#1051 = VERTEX_POINT ( 'NONE', #1542 ) ;
#1052 = AXIS2_PLACEMENT_3D ( 'NONE', #1402, #1261, #63 ) ;
#1053 = CARTESIAN_POINT ( 'NONE',  ( 88.00000000000000000, 193.0000000000000000, 22.00000000000000000 ) ) ;
#1054 = DIRECTION ( 'NONE',  ( -1.000000000000000000, 0.000000000000000000, 0.000000000000000000 ) ) ;
#1055 = CARTESIAN_POINT ( 'NONE',  ( 1.102182119232617911E-15, 25.10204081632652517, 24.00000000000000000 ) ) ;
#1056 = ADVANCED_FACE ( 'NONE', ( #206 ), #400, .T. ) ;
#1057 = COORDINATED_UNIVERSAL_TIME_OFFSET ( 5, 0, .BEHIND. ) ;
#1058 = DIRECTION ( 'NONE',  ( -0.000000000000000000, -1.000000000000000000, -0.000000000000000000 ) ) ;
#1059 = FACE_OUTER_BOUND ( 'NONE', #1691, .T. ) ;
#1060 = VECTOR ( 'NONE', #1785, 1000.000000000000000 ) ;
#1061 = ORIENTED_EDGE ( 'NONE', *, *, #1282, .T. ) ;
#1062 = VERTEX_POINT ( 'NONE', #251 ) ;
#1063 = DIRECTION ( 'NONE',  ( -1.000000000000000000, 0.000000000000000000, -0.000000000000000000 ) ) ;
#1064 = EDGE_CURVE ( 'NONE', #281, #21, #106, .T. ) ;
#1065 = CARTESIAN_POINT ( 'NONE',  ( -88.00000000000000000, 43.99999999999998579, 12.00000000000000000 ) ) ;
#1066 = PLANE ( 'NONE',  #807 ) ;
#1067 = EDGE_CURVE ( 'NONE', #1196, #847, #1104, .T. ) ;
#1068 = LINE ( 'NONE', #1513, #1491 ) ;
#1069 = CARTESIAN_POINT ( 'NONE',  ( -95.00000000000000000, -8.000000000000000000, 4.000000000000000000 ) ) ;
#1070 = EDGE_LOOP ( 'NONE', ( #253, #1581, #714, #100 ) ) ;
#1071 = VECTOR ( 'NONE', #1331, 1000.000000000000000 ) ;
#1072 = ORIENTED_EDGE ( 'NONE', *, *, #1344, .F. ) ;
#1073 = CARTESIAN_POINT ( 'NONE',  ( -88.00000000000000000, 32.00000000000000000, 22.00000000000000000 ) ) ;
#1074 = CARTESIAN_POINT ( 'NONE',  ( -86.00000000000000000, 64.00000000000000000, 20.39999999999999858 ) ) ;
#1075 = DIRECTION ( 'NONE',  ( 0.000000000000000000, 0.4172932199768464301, 0.9087719012829100773 ) ) ;
#1076 = VECTOR ( 'NONE', #1711, 1000.000000000000000 ) ;
#1077 = AXIS2_PLACEMENT_3D ( 'NONE', #295, #898, #1087 ) ;
#1078 = ADVANCED_FACE ( 'NONE', ( #815 ), #221, .T. ) ;
#1079 = CARTESIAN_POINT ( 'NONE',  ( -95.00000000000000000, 66.00000000000000000, 100.0000000000000000 ) ) ;
#1080 = DIRECTION ( 'NONE',  ( -1.000000000000000000, 0.000000000000000000, 0.000000000000000000 ) ) ;
#1081 = LINE ( 'NONE', #1069, #921 ) ;
#1082 = ORIENTED_EDGE ( 'NONE', *, *, #199, .T. ) ;
#1083 = EDGE_LOOP ( 'NONE', ( #825, #988, #947, #411 ) ) ;
#1084 = ADVANCED_FACE ( 'NONE', ( #578 ), #278, .T. ) ;
#1085 = CARTESIAN_POINT ( 'NONE',  ( -66.00000000000000000, 48.00000000000000000, 21.79999999999999716 ) ) ;
#1086 = CARTESIAN_POINT ( 'NONE',  ( 0.000000000000000000, 46.00000000000000000, 14.00000000000000000 ) ) ;
#1087 = DIRECTION ( 'NONE',  ( -1.000000000000000000, 0.000000000000000000, -0.000000000000000000 ) ) ;
#1088 = DIRECTION ( 'NONE',  ( 0.000000000000000000, -1.000000000000000000, 0.000000000000000000 ) ) ;
#1089 = AXIS2_PLACEMENT_3D ( 'NONE', #1212, #447, #1046 ) ;
#1090 = DIRECTION ( 'NONE',  ( -0.000000000000000000, -0.000000000000000000, 1.000000000000000000 ) ) ;
#1091 = DIRECTION ( 'NONE',  ( -0.000000000000000000, -1.000000000000000000, -0.000000000000000000 ) ) ;
#1092 = VERTEX_POINT ( 'NONE', #124 ) ;
#1093 = VECTOR ( 'NONE', #1596, 1000.000000000000000 ) ;
#1094 = ORIENTED_EDGE ( 'NONE', *, *, #162, .T. ) ;
#1095 = VECTOR ( 'NONE', #1222, 1000.000000000000000 ) ;
#1096 = CARTESIAN_POINT ( 'NONE',  ( 7.912359452070250043, 24.99999999999999289, 10.71111111111109793 ) ) ;
#1097 = DIRECTION ( 'NONE',  ( 1.000000000000000000, 0.000000000000000000, 0.000000000000000000 ) ) ;
#1098 = CARTESIAN_POINT ( 'NONE',  ( 79.99999999999995737, 60.00000000000000000, 100.0000000000000284 ) ) ;
#1099 = CARTESIAN_POINT ( 'NONE',  ( 95.00000000000000000, 15.91836734693877986, 4.000000000000017764 ) ) ;
#1100 = DIRECTION ( 'NONE',  ( 0.000000000000000000, 0.000000000000000000, -1.000000000000000000 ) ) ;
#1101 = CARTESIAN_POINT ( 'NONE',  ( 88.00000000000000000, 193.0000000000000000, 22.00000000000000000 ) ) ;
#1102 = VERTEX_POINT ( 'NONE', #1161 ) ;
#1103 = CARTESIAN_POINT ( 'NONE',  ( -68.50000000000000000, 48.00000000000000000, 20.39999999999999858 ) ) ;
#1104 = LINE ( 'NONE', #958, #836 ) ;
#1105 = VECTOR ( 'NONE', #1043, 1000.000000000000000 ) ;
#1106 = DIRECTION ( 'NONE',  ( 0.000000000000000000, -1.000000000000000000, 0.000000000000000000 ) ) ;
#1107 = EDGE_CURVE ( 'NONE', #1485, #195, #1038, .T. ) ;
#1108 = LINE ( 'NONE', #1855, #1179 ) ;
#1109 = LINE ( 'NONE', #1828, #547 ) ;
#1110 = ORIENTED_EDGE ( 'NONE', *, *, #1312, .T. ) ;
#1111 = CARTESIAN_POINT ( 'NONE',  ( -68.50000000000000000, 64.00000000000000000, 21.79999999999999716 ) ) ;
#1112 = FACE_BOUND ( 'NONE', #1239, .T. ) ;
#1113 = CARTESIAN_POINT ( 'NONE',  ( 95.00000000000000000, 200.0000000000000000, 17.19999999999999929 ) ) ;
#1114 = EDGE_CURVE ( 'NONE', #613, #675, #1786, .T. ) ;
#1115 = DIRECTION ( 'NONE',  ( -0.000000000000000000, 1.000000000000000000, -0.000000000000000000 ) ) ;
#1116 = VECTOR ( 'NONE', #1899, 1000.000000000000000 ) ;
#1117 = VECTOR ( 'NONE', #208, 1000.000000000000000 ) ;
#1118 = VERTEX_POINT ( 'NONE', #5 ) ;
#1119 = ORIENTED_EDGE ( 'NONE', *, *, #122, .T. ) ;
#1120 = FACE_OUTER_BOUND ( 'NONE', #383, .T. ) ;
#1121 = CARTESIAN_POINT ( 'NONE',  ( -68.50000000000000000, 64.00000000000000000, 21.79999999999999716 ) ) ;
#1122 = CARTESIAN_POINT ( 'NONE',  ( 79.99999999999998579, 110.0000000000000000, 100.0000000000000000 ) ) ;
#1123 = ORIENTED_EDGE ( 'NONE', *, *, #1367, .F. ) ;
#1124 = EDGE_LOOP ( 'NONE', ( #1873, #443, #1455, #1829 ) ) ;
#1125 = ORIENTED_EDGE ( 'NONE', *, *, #509, .F. ) ;
#1126 = DIRECTION ( 'NONE',  ( -0.6725435249936395632, 0.3088210063746361089, 0.6725435249936518867 ) ) ;
#1127 = VECTOR ( 'NONE', #808, 1000.000000000000000 ) ;
#1128 = LINE ( 'NONE', #1863, #183 ) ;
#1129 = ADVANCED_FACE ( 'NONE', ( #1183, #915 ), #1775, .T. ) ;
#1130 = VECTOR ( 'NONE', #1126, 999.9999999999998863 ) ;
#1131 = CARTESIAN_POINT ( 'NONE',  ( 0.000000000000000000, 40.00000000000000000, 5.999999999999998224 ) ) ;
#1132 = ORIENTED_EDGE ( 'NONE', *, *, #1305, .T. ) ;
#1133 = ORIENTED_EDGE ( 'NONE', *, *, #1854, .F. ) ;
#1134 = ORIENTED_EDGE ( 'NONE', *, *, #886, .F. ) ;
#1135 = EDGE_CURVE ( 'NONE', #1767, #31, #159, .T. ) ;
#1136 = FACE_OUTER_BOUND ( 'NONE', #1008, .T. ) ;
#1137 = LINE ( 'NONE', #1467, #1523 ) ;
#1138 = VECTOR ( 'NONE', #112, 1000.000000000000000 ) ;
#1139 = CARTESIAN_POINT ( 'NONE',  ( 95.00000000000000000, 26.51020408163265429, 13.99999999999999822 ) ) ;
#1140 = ADVANCED_FACE ( 'NONE', ( #419, #611 ), #1173, .T. ) ;
#1141 = ORIENTED_EDGE ( 'NONE', *, *, #220, .T. ) ;
#1142 = LINE ( 'NONE', #1007, #397 ) ;
#1143 = ORIENTED_EDGE ( 'NONE', *, *, #1346, .F. ) ;
#1144 = ORIENTED_EDGE ( 'NONE', *, *, #292, .F. ) ;
#1145 = VECTOR ( 'NONE', #952, 1000.000000000000000 ) ;
#1146 = DIRECTION ( 'NONE',  ( 0.000000000000000000, -1.000000000000000000, 0.000000000000000000 ) ) ;
#1147 = VECTOR ( 'NONE', #1258, 1000.000000000000000 ) ;
#1148 = VECTOR ( 'NONE', #26, 1000.000000000000000 ) ;
#1149 = LINE ( 'NONE', #1584, #1862 ) ;
#1150 = FACE_OUTER_BOUND ( 'NONE', #114, .T. ) ;
#1151 = VERTEX_POINT ( 'NONE', #315 ) ;
#1152 = LINE ( 'NONE', #670, #1093 ) ;
#1153 = ORIENTED_EDGE ( 'NONE', *, *, #1851, .F. ) ;
#1154 = EDGE_LOOP ( 'NONE', ( #482, #409, #116, #1798 ) ) ;
#1155 = ORIENTED_EDGE ( 'NONE', *, *, #298, .T. ) ;
#1156 = CARTESIAN_POINT ( 'NONE',  ( 0.000000000000000000, 21.91836734693877631, 4.000000000000000000 ) ) ;
#1157 = LINE ( 'NONE', #584, #1365 ) ;
#1158 = CARTESIAN_POINT ( 'NONE',  ( -140.4578721800971550, 38.23873216220057714, 39.54212781990348446 ) ) ;
#1159 = ADVANCED_FACE ( 'NONE', ( #743 ), #1921, .F. ) ;
#1160 = CARTESIAN_POINT ( 'NONE',  ( 46.00000000000000000, 25.00000000000000000, 28.19999999999999929 ) ) ;
#1161 = CARTESIAN_POINT ( 'NONE',  ( -66.00000000000000000, 64.00000000000000000, 21.79999999999999716 ) ) ;
#1162 = VECTOR ( 'NONE', #1781, 1000.000000000000000 ) ;
#1163 = VERTEX_POINT ( 'NONE', #439 ) ;
#1164 = VERTEX_POINT ( 'NONE', #1765 ) ;
#1165 = VERTEX_POINT ( 'NONE', #1048 ) ;
#1166 =( BOUNDED_CURVE ( )  B_SPLINE_CURVE ( 3, ( #1055, #1650, #1502, #167 ),
 .UNSPECIFIED., .F., .T. ) 
 B_SPLINE_CURVE_WITH_KNOTS ( ( 4, 4 ),
 ( 3.141592653589793116, 6.283185307179586232 ),
 .UNSPECIFIED. ) 
 CURVE ( )  GEOMETRIC_REPRESENTATION_ITEM ( )  RATIONAL_B_SPLINE_CURVE ( ( 1.000000000000000000, 0.3333333333333333703, 0.3333333333333333703, 1.000000000000000000 ) ) 
 REPRESENTATION_ITEM ( '' )  );
#1167 = PLANE ( 'NONE',  #789 ) ;
#1168 = EDGE_CURVE ( 'NONE', #983, #281, #1618, .T. ) ;
#1169 = DIRECTION ( 'NONE',  ( 0.000000000000000000, -1.000000000000000000, 0.000000000000000000 ) ) ;
#1170 = CARTESIAN_POINT ( 'NONE',  ( 46.00000000000000000, 25.00000000000000000, 28.19999999999999929 ) ) ;
#1171 = DATE_AND_TIME ( #13, #965 ) ;
#1172 = EDGE_CURVE ( 'NONE', #1102, #1572, #1640, .T. ) ;
#1173 = PLANE ( 'NONE',  #1738 ) ;
#1174 = ORIENTED_EDGE ( 'NONE', *, *, #193, .F. ) ;
#1175 = EDGE_LOOP ( 'NONE', ( #831, #1642, #1209, #1620, #1483, #1934 ) ) ;
#1176 = ORIENTED_EDGE ( 'NONE', *, *, #1135, .F. ) ;
#1177 = AXIS2_PLACEMENT_3D ( 'NONE', #1122, #1256, #1681 ) ;
#1178 = CARTESIAN_POINT ( 'NONE',  ( -95.00000000000000000, 21.00000000000000000, 2.000000000000000000 ) ) ;
#1179 = VECTOR ( 'NONE', #354, 1000.000000000000000 ) ;
#1180 = CARTESIAN_POINT ( 'NONE',  ( -92.70000000000000284, 27.30000000000000071, 14.00000000000000000 ) ) ;
#1181 = LINE ( 'NONE', #1469, #834 ) ;
#1182 = CARTESIAN_POINT ( 'NONE',  ( 0.000000000000000000, 0.000000000000000000, 0.000000000000000000 ) ) ;
#1183 = FACE_BOUND ( 'NONE', #1070, .T. ) ;
#1184 = ORIENTED_EDGE ( 'NONE', *, *, #788, .T. ) ;
#1185 = EDGE_CURVE ( 'NONE', #1352, #147, #904, .T. ) ;
#1186 = ORIENTED_EDGE ( 'NONE', *, *, #143, .T. ) ;
#1187 = VERTEX_POINT ( 'NONE', #891 ) ;
#1188 = CARTESIAN_POINT ( 'NONE',  ( 0.000000000000000000, 30.18367346938775242, 22.00000000000000000 ) ) ;
#1189 = PLANE ( 'NONE',  #1077 ) ;
#1190 = CARTESIAN_POINT ( 'NONE',  ( -46.00000000000000000, 57.18367346938775597, 80.79999999999999716 ) ) ;
#1191 = PERSON_AND_ORGANIZATION_ROLE ( 'classification_officer' ) ;
#1192 = EDGE_CURVE ( 'NONE', #280, #21, #269, .T. ) ;
#1193 = DIRECTION ( 'NONE',  ( 1.000000000000000000, 0.000000000000000000, 0.000000000000000000 ) ) ;
#1194 = ORIENTED_EDGE ( 'NONE', *, *, #345, .T. ) ;
#1195 = CIRCLE ( 'NONE', #1384, 9.000000000000001776 ) ;
#1196 = VERTEX_POINT ( 'NONE', #754 ) ;
#1197 = VERTEX_POINT ( 'NONE', #1348 ) ;
#1198 = ORIENTED_EDGE ( 'NONE', *, *, #328, .T. ) ;
#1199 = CARTESIAN_POINT ( 'NONE',  ( -80.00000000000000000, 110.0000000000000000, 100.0000000000000000 ) ) ;
#1200 = DIRECTION ( 'NONE',  ( 0.000000000000000000, 1.000000000000000000, 0.000000000000000000 ) ) ;
#1201 = ADVANCED_FACE ( 'NONE', ( #1059 ), #867, .F. ) ;
#1202 = DIRECTION ( 'NONE',  ( 0.000000000000000000, -0.9087719012829100773, 0.4172932199768464301 ) ) ;
#1203 = EDGE_CURVE ( 'NONE', #1320, #317, #1018, .T. ) ;
#1204 = DIRECTION ( 'NONE',  ( -0.000000000000000000, -0.000000000000000000, -1.000000000000000000 ) ) ;
#1205 = CARTESIAN_POINT ( 'NONE',  ( -83.50000000000000000, 48.00000000000000000, 21.79999999999999716 ) ) ;
#1206 = EDGE_CURVE ( 'NONE', #1269, #784, #634, .T. ) ;
#1207 = ORIENTED_EDGE ( 'NONE', *, *, #1888, .F. ) ;
#1208 = AXIS2_PLACEMENT_3D ( 'NONE', #1698, #964, #1315 ) ;
#1209 = ORIENTED_EDGE ( 'NONE', *, *, #35, .F. ) ;
#1210 = DIRECTION ( 'NONE',  ( 0.000000000000000000, 0.000000000000000000, -1.000000000000000000 ) ) ;
#1211 = CARTESIAN_POINT ( 'NONE',  ( -66.00000000000000000, 46.00000000000000000, 22.00000000000000000 ) ) ;
#1212 = CARTESIAN_POINT ( 'NONE',  ( -68.50000000000000000, 48.00000000000000000, 21.79999999999999716 ) ) ;
#1213 = MECHANICAL_CONTEXT ( 'NONE', #1359, 'mechanical' ) ;
#1214 = DIRECTION ( 'NONE',  ( -0.000000000000000000, 1.000000000000000000, -0.000000000000000000 ) ) ;
#1215 = CARTESIAN_POINT ( 'NONE',  ( -46.00000000000000000, 27.03061224489795578, 28.20000000000000284 ) ) ;
#1216 = VERTEX_POINT ( 'NONE', #774 ) ;
#1217 = ORIENTED_EDGE ( 'NONE', *, *, #1784, .F. ) ;
#1218 = LINE ( 'NONE', #1666, #535 ) ;
#1219 = DIRECTION ( 'NONE',  ( -0.000000000000000000, -1.000000000000000000, -0.000000000000000000 ) ) ;
#1220 = LINE ( 'NONE', #1810, #573 ) ;
#1221 = CARTESIAN_POINT ( 'NONE',  ( -92.70000000000000284, 197.6999999999999886, 17.19999999999999929 ) ) ;
#1222 = DIRECTION ( 'NONE',  ( -0.000000000000000000, -0.000000000000000000, -1.000000000000000000 ) ) ;
#1223 = LINE ( 'NONE', #936, #822 ) ;
#1224 = VERTEX_POINT ( 'NONE', #481 ) ;
#1225 = VECTOR ( 'NONE', #835, 1000.000000000000000 ) ;
#1226 = ORIENTED_EDGE ( 'NONE', *, *, #1411, .T. ) ;
#1227 = LINE ( 'NONE', #1085, #1127 ) ;
#1228 = PLANE ( 'NONE',  #1705 ) ;
#1229 = CARTESIAN_POINT ( 'NONE',  ( -68.50000000000000000, 48.00000000000000000, 20.39999999999999858 ) ) ;
#1230 = VECTOR ( 'NONE', #968, 1000.000000000000000 ) ;
#1231 = APPROVAL ( #1606, 'UNSPECIFIED' ) ;
#1232 = VECTOR ( 'NONE', #325, 1000.000000000000000 ) ;
#1233 = EDGE_CURVE ( 'NONE', #859, #1092, #1827, .T. ) ;
#1234 = LINE ( 'NONE', #488, #994 ) ;
#1235 = DIRECTION ( 'NONE',  ( -0.000000000000000000, -0.000000000000000000, -1.000000000000000000 ) ) ;
#1236 = DIRECTION ( 'NONE',  ( 0.000000000000000000, 1.000000000000000000, 0.000000000000000000 ) ) ;
#1237 = CARTESIAN_POINT ( 'NONE',  ( -88.00000000000000000, 32.00000000000000000, 22.00000000000000000 ) ) ;
#1238 = EDGE_LOOP ( 'NONE', ( #91, #108, #1789, #1428, #1350, #1715, #1776 ) ) ;
#1239 = EDGE_LOOP ( 'NONE', ( #755, #1374, #1857 ) ) ;
#1240 = LINE ( 'NONE', #940, #1659 ) ;
#1241 = DIRECTION ( 'NONE',  ( -1.000000000000000000, 0.000000000000000000, -0.000000000000000000 ) ) ;
#1242 = LINE ( 'NONE', #498, #151 ) ;
#1243 = CARTESIAN_POINT ( 'NONE',  ( -86.00000000000000000, 46.00000000000000000, 22.00000000000000000 ) ) ;
#1244 = CARTESIAN_POINT ( 'NONE',  ( 0.000000000000000000, 24.99999999999999289, 4.000000000000000000 ) ) ;
#1245 = VECTOR ( 'NONE', #249, 1000.000000000000000 ) ;
#1246 = CARTESIAN_POINT ( 'NONE',  ( -64.00000000000000000, 43.99999999999998579, 14.00000000000000000 ) ) ;
#1247 = EDGE_CURVE ( 'NONE', #1497, #1151, #1381, .T. ) ;
#1248 =( BOUNDED_CURVE ( )  B_SPLINE_CURVE ( 3, ( #32, #1035, #1519, #738 ),
 .UNSPECIFIED., .F., .F. ) 
 B_SPLINE_CURVE_WITH_KNOTS ( ( 4, 4 ),
 ( 3.141592653589793116, 3.821266472498037192 ),
 .UNSPECIFIED. ) 
 CURVE ( )  GEOMETRIC_REPRESENTATION_ITEM ( )  RATIONAL_B_SPLINE_CURVE ( ( 1.000000000000000000, 0.9618726943880422375, 0.9618726943880422375, 1.000000000000000000 ) ) 
 REPRESENTATION_ITEM ( '' )  );
#1249 = CARTESIAN_POINT ( 'NONE',  ( 8.971153771951525968, 27.30000000000000071, 15.72000000000000064 ) ) ;
#1250 = AXIS2_PLACEMENT_3D ( 'NONE', #1286, #1407, #1253 ) ;
#1251 = ORIENTED_EDGE ( 'NONE', *, *, #495, .F. ) ;
#1252 = DIRECTION ( 'NONE',  ( -1.000000000000000000, -0.000000000000000000, -0.000000000000000000 ) ) ;
#1253 = DIRECTION ( 'NONE',  ( 0.000000000000000000, -0.000000000000000000, -1.000000000000000000 ) ) ;
#1254 = CYLINDRICAL_SURFACE ( 'NONE', #229, 9.000000000000001776 ) ;
#1255 = DIRECTION ( 'NONE',  ( 1.000000000000000000, 0.000000000000000000, 0.000000000000000000 ) ) ;
#1256 = DIRECTION ( 'NONE',  ( 0.7071067811865540120, 0.000000000000000000, 0.7071067811865410224 ) ) ;
#1257 = ORIENTED_EDGE ( 'NONE', *, *, #1511, .T. ) ;
#1258 = DIRECTION ( 'NONE',  ( -0.000000000000000000, -1.000000000000000000, -0.000000000000000000 ) ) ;
#1259 = ADVANCED_FACE ( 'NONE', ( #171 ), #763, .T. ) ;
#1260 = DIRECTION ( 'NONE',  ( -0.000000000000000000, -0.000000000000000000, -1.000000000000000000 ) ) ;
#1261 = DIRECTION ( 'NONE',  ( 0.000000000000000000, 1.000000000000000000, 0.000000000000000000 ) ) ;
#1262 = EDGE_LOOP ( 'NONE', ( #1597, #1042, #1790, #250 ) ) ;
#1263 = CARTESIAN_POINT ( 'NONE',  ( 0.000000000000000000, 32.00000000000000000, 5.999999999999998224 ) ) ;
#1264 = LINE ( 'NONE', #977, #1366 ) ;
#1265 = CC_DESIGN_SECURITY_CLASSIFICATION ( #225, ( #1907 ) ) ;
#1266 = PLANE ( 'NONE',  #1177 ) ;
#1267 = VECTOR ( 'NONE', #414, 1000.000000000000000 ) ;
#1268 = VECTOR ( 'NONE', #1260, 1000.000000000000000 ) ;
#1269 = VERTEX_POINT ( 'NONE', #1215 ) ;
#1270 = ORIENTED_EDGE ( 'NONE', *, *, #1591, .T. ) ;
#1271 = VERTEX_POINT ( 'NONE', #27 ) ;
#1272 = DIRECTION ( 'NONE',  ( 1.000000000000000000, 0.000000000000000000, 0.000000000000000000 ) ) ;
#1273 = EDGE_CURVE ( 'NONE', #1736, #983, #1081, .T. ) ;
#1274 = CARTESIAN_POINT ( 'NONE',  ( 6.298082233347433778, 23.63250492968743544, 7.733010735763750532 ) ) ;
#1275 = CARTESIAN_POINT ( 'NONE',  ( -95.00000000000000000, 200.0000000000000000, 0.000000000000000000 ) ) ;
#1276 = EDGE_LOOP ( 'NONE', ( #1000, #1498, #1419, #1579 ) ) ;
#1277 = VERTEX_POINT ( 'NONE', #1527 ) ;
#1278 = ORIENTED_EDGE ( 'NONE', *, *, #1011, .F. ) ;
#1279 = DIRECTION ( 'NONE',  ( -0.000000000000000000, -0.000000000000000000, -1.000000000000000000 ) ) ;
#1280 = CC_DESIGN_PERSON_AND_ORGANIZATION_ASSIGNMENT ( #1029, #168, ( #1907 ) ) ;
#1281 = ORGANIZATION ( 'UNSPECIFIED', 'UNSPECIFIED', '' ) ;
#1282 = EDGE_CURVE ( 'NONE', #1724, #1197, #15, .T. ) ;
#1283 = DIRECTION ( 'NONE',  ( -0.000000000000000000, -0.000000000000000000, 1.000000000000000000 ) ) ;
#1284 = CARTESIAN_POINT ( 'NONE',  ( 8.944271909999159220, 27.30000000000000071, 14.00000000000000000 ) ) ;
#1285 = ORIENTED_EDGE ( 'NONE', *, *, #799, .T. ) ;
#1286 = CARTESIAN_POINT ( 'NONE',  ( -88.00000000000000000, 68.00000000000000000, 14.00000000000000000 ) ) ;
#1287 = ORIENTED_EDGE ( 'NONE', *, *, #1511, .F. ) ;
#1288 = ORIENTED_EDGE ( 'NONE', *, *, #1477, .F. ) ;
#1289 = ADVANCED_BREP_SHAPE_REPRESENTATION ( 'jet_ski_dash_tray_v3', ( #962, #817 ), #1349 ) ;
#1290 = DIRECTION ( 'NONE',  ( -1.000000000000000000, 0.000000000000000000, 0.000000000000000000 ) ) ;
#1291 = PLANE ( 'NONE',  #1524 ) ;
#1292 = EDGE_CURVE ( 'NONE', #417, #715, #1223, .T. ) ;
#1293 = VECTOR ( 'NONE', #711, 1000.000000000000000 ) ;
#1294 = CARTESIAN_POINT ( 'NONE',  ( -86.00000000000000000, 48.00000000000000000, 21.79999999999999716 ) ) ;
#1295 = ORIENTED_EDGE ( 'NONE', *, *, #1026, .T. ) ;
#1296 = DIRECTION ( 'NONE',  ( 0.000000000000000000, -0.4172932199768464301, -0.9087719012829100773 ) ) ;
#1297 = ORIENTED_EDGE ( 'NONE', *, *, #141, .T. ) ;
#1298 = VERTEX_POINT ( 'NONE', #1661 ) ;
#1299 =( BOUNDED_CURVE ( )  B_SPLINE_CURVE ( 3, ( #685, #217, #1274, #362 ),
 .UNSPECIFIED., .F., .F. ) 
 B_SPLINE_CURVE_WITH_KNOTS ( ( 4, 4 ),
 ( 0.000000000000000000, 1.074077787480075097 ),
 .UNSPECIFIED. ) 
 CURVE ( )  GEOMETRIC_REPRESENTATION_ITEM ( )  RATIONAL_B_SPLINE_CURVE ( ( 1.000000000000000000, 0.9061515534572210928, 0.9061515534572210928, 1.000000000000000000 ) ) 
 REPRESENTATION_ITEM ( '' )  );
#1300 = CARTESIAN_POINT ( 'NONE',  ( 88.00000000000000000, 32.00000000000000000, 22.00000000000000000 ) ) ;
#1301 = EDGE_CURVE ( 'NONE', #1655, #1118, #645, .T. ) ;
#1302 = CARTESIAN_POINT ( 'NONE',  ( -88.00000000000000000, 68.00000000000000000, 12.00000000000000000 ) ) ;
#1303 = DIRECTION ( 'NONE',  ( 0.000000000000000000, -1.000000000000000000, 0.000000000000000000 ) ) ;
#1304 = VERTEX_POINT ( 'NONE', #180 ) ;
#1305 = EDGE_CURVE ( 'NONE', #1427, #1320, #1516, .T. ) ;
#1306 = CARTESIAN_POINT ( 'NONE',  ( 95.00000000000000000, -8.000000000000000000, 4.000000000000000000 ) ) ;
#1307 = ORIENTED_EDGE ( 'NONE', *, *, #837, .F. ) ;
#1308 = EDGE_LOOP ( 'NONE', ( #906, #1207, #1257, #118 ) ) ;
#1309 = EDGE_CURVE ( 'NONE', #1725, #1881, #1792, .T. ) ;
#1310 = ORIENTED_EDGE ( 'NONE', *, *, #1206, .T. ) ;
#1311 = DIRECTION ( 'NONE',  ( 0.000000000000000000, 1.000000000000000000, 0.000000000000000000 ) ) ;
#1312 = EDGE_CURVE ( 'NONE', #973, #391, #930, .T. ) ;
#1313 = LINE ( 'NONE', #111, #1116 ) ;
#1314 = APPROVAL_PERSON_ORGANIZATION ( #901, #878, #157 ) ;
#1315 = DIRECTION ( 'NONE',  ( 0.000000000000000000, 0.000000000000000000, 1.000000000000000000 ) ) ;
#1316 = AXIS2_PLACEMENT_3D ( 'NONE', #1853, #800, #652 ) ;
#1317 = DIRECTION ( 'NONE',  ( 0.000000000000000000, 0.000000000000000000, -1.000000000000000000 ) ) ;
#1318 = VECTOR ( 'NONE', #629, 1000.000000000000000 ) ;
#1319 = ORIENTED_EDGE ( 'NONE', *, *, #403, .T. ) ;
#1320 = VERTEX_POINT ( 'NONE', #1044 ) ;
#1321 = ORIENTED_EDGE ( 'NONE', *, *, #596, .F. ) ;
#1322 = PLANE ( 'NONE',  #1565 ) ;
#1323 = CARTESIAN_POINT ( 'NONE',  ( 88.00000000000000000, 32.00000000000000000, 22.00000000000000000 ) ) ;
#1324 = DIRECTION ( 'NONE',  ( -1.000000000000000000, 0.000000000000000000, -0.000000000000000000 ) ) ;
#1325 = APPROVAL_DATE_TIME ( #1503, #1839 ) ;
#1326 = CARTESIAN_POINT ( 'NONE',  ( -83.50000000000000000, 48.00000000000000000, 21.79999999999999716 ) ) ;
#1327 = ORIENTED_EDGE ( 'NONE', *, *, #981, .T. ) ;
#1328 = ORIENTED_EDGE ( 'NONE', *, *, #1203, .T. ) ;
#1329 = ORIENTED_EDGE ( 'NONE', *, *, #659, .F. ) ;
#1330 = VECTOR ( 'NONE', #406, 1000.000000000000000 ) ;
#1331 = DIRECTION ( 'NONE',  ( 1.000000000000000000, 0.000000000000000000, 0.000000000000000000 ) ) ;
#1332 = VECTOR ( 'NONE', #1653, 1000.000000000000000 ) ;
#1333 = EDGE_CURVE ( 'NONE', #195, #304, #1220, .T. ) ;
#1334 = VECTOR ( 'NONE', #621, 1000.000000000000000 ) ;
#1335 = CARTESIAN_POINT ( 'NONE',  ( 0.000000000000000000, 32.00000000000000000, 4.000000000000000000 ) ) ;
#1336 = DIRECTION ( 'NONE',  ( 1.000000000000000000, 0.000000000000000000, 0.000000000000000000 ) ) ;
#1337 = EDGE_LOOP ( 'NONE', ( #1017, #1061, #1716, #681, #636, #347, #1329, #1619, #1194 ) ) ;
#1338 = VERTEX_POINT ( 'NONE', #920 ) ;
#1339 = ORIENTED_EDGE ( 'NONE', *, *, #1107, .F. ) ;
#1340 = ADVANCED_FACE ( 'NONE', ( #1657 ), #446, .T. ) ;
#1341 = VERTEX_POINT ( 'NONE', #1388 ) ;
#1342 = CARTESIAN_POINT ( 'NONE',  ( -88.00000000000000000, 32.00000000000000000, 22.00000000000000000 ) ) ;
#1343 = CARTESIAN_POINT ( 'NONE',  ( -95.00000000000000000, 57.18367346938775597, 80.79999999999999716 ) ) ;
#1344 = EDGE_CURVE ( 'NONE', #857, #1224, #188, .T. ) ;
#1345 = CARTESIAN_POINT ( 'NONE',  ( -95.00000000000000000, 200.0000000000000000, 14.00000000000000000 ) ) ;
#1346 = EDGE_CURVE ( 'NONE', #417, #1884, #487, .T. ) ;
#1347 = LINE ( 'NONE', #343, #367 ) ;
#1348 = CARTESIAN_POINT ( 'NONE',  ( 1.102182119232617911E-15, 25.10204081632652517, 24.00000000000000000 ) ) ;
#1349 =( GEOMETRIC_REPRESENTATION_CONTEXT ( 3 ) GLOBAL_UNCERTAINTY_ASSIGNED_CONTEXT ( ( #1906 ) ) GLOBAL_UNIT_ASSIGNED_CONTEXT ( ( #1481, #1794, #416 ) ) REPRESENTATION_CONTEXT ( 'NONE', 'WORKASPACE' ) );
#1350 = ORIENTED_EDGE ( 'NONE', *, *, #1301, .T. ) ;
#1351 = ORIENTED_EDGE ( 'NONE', *, *, #550, .T. ) ;
#1352 = VERTEX_POINT ( 'NONE', #10 ) ;
#1353 = DIRECTION ( 'NONE',  ( 0.000000000000000000, -0.000000000000000000, -1.000000000000000000 ) ) ;
#1354 = DIRECTION ( 'NONE',  ( -0.000000000000000000, -1.000000000000000000, -0.000000000000000000 ) ) ;
#1355 = DIRECTION ( 'NONE',  ( 0.000000000000000000, 1.000000000000000000, 0.000000000000000000 ) ) ;
#1356 = COORDINATED_UNIVERSAL_TIME_OFFSET ( 5, 0, .BEHIND. ) ;
#1357 = LINE ( 'NONE', #1815, #1425 ) ;
#1358 = CARTESIAN_POINT ( 'NONE',  ( 95.00000000000000000, 110.0000000000000000, 84.99999999999971578 ) ) ;
#1359 = APPLICATION_CONTEXT ( 'configuration controlled 3d designs of mechanical parts and assemblies' ) ;
#1360 = VERTEX_POINT ( 'NONE', #310 ) ;
#1361 = ORIENTED_EDGE ( 'NONE', *, *, #127, .F. ) ;
#1362 = DIRECTION ( 'NONE',  ( 0.000000000000000000, 0.000000000000000000, -1.000000000000000000 ) ) ;
#1363 = DIRECTION ( 'NONE',  ( 0.000000000000000000, 0.4172932199768464301, 0.9087719012829100773 ) ) ;
#1364 = CARTESIAN_POINT ( 'NONE',  ( -95.00000000000000000, 21.00000000000000000, 2.000000000000000000 ) ) ;
#1365 = VECTOR ( 'NONE', #710, 1000.000000000000000 ) ;
#1366 = VECTOR ( 'NONE', #1255, 1000.000000000000000 ) ;
#1367 = EDGE_CURVE ( 'NONE', #1341, #327, #911, .T. ) ;
#1368 = DIRECTION ( 'NONE',  ( -1.000000000000000000, 0.000000000000000000, -0.000000000000000000 ) ) ;
#1369 = SHAPE_DEFINITION_REPRESENTATION ( #284, #1289 ) ;
#1370 = DIRECTION ( 'NONE',  ( 1.000000000000000000, -0.000000000000000000, 0.000000000000000000 ) ) ;
#1371 = DIRECTION ( 'NONE',  ( 0.000000000000000000, -1.000000000000000000, 0.000000000000000000 ) ) ;
#1372 = VERTEX_POINT ( 'NONE', #768 ) ;
#1373 = ADVANCED_FACE ( 'NONE', ( #1936 ), #1189, .F. ) ;
#1374 = ORIENTED_EDGE ( 'NONE', *, *, #1871, .F. ) ;
#1375 = DIRECTION ( 'NONE',  ( 1.000000000000000000, 0.000000000000000000, 0.000000000000000000 ) ) ;
#1376 = LINE ( 'NONE', #1086, #18 ) ;
#1377 = DIRECTION ( 'NONE',  ( 1.000000000000000000, 0.000000000000000000, 0.000000000000000000 ) ) ;
#1378 = DIRECTION ( 'NONE',  ( -1.000000000000000000, -0.000000000000000000, -0.000000000000000000 ) ) ;
#1379 = EDGE_CURVE ( 'NONE', #1031, #1436, #465, .T. ) ;
#1380 = LINE ( 'NONE', #781, #1095 ) ;
#1381 = LINE ( 'NONE', #1358, #887 ) ;
#1382 = DIRECTION ( 'NONE',  ( -0.000000000000000000, -0.000000000000000000, -1.000000000000000000 ) ) ;
#1383 = ORIENTED_EDGE ( 'NONE', *, *, #1750, .F. ) ;
#1384 = AXIS2_PLACEMENT_3D ( 'NONE', #1674, #660, #1684 ) ;
#1385 = CARTESIAN_POINT ( 'NONE',  ( 46.00000000000000000, 59.20000000000000284, 80.79999999999999716 ) ) ;
#1386 = EDGE_CURVE ( 'NONE', #1884, #567, #319, .T. ) ;
#1387 = CARTESIAN_POINT ( 'NONE',  ( 95.00000000000000000, 21.00000000000000000, 2.000000000000000000 ) ) ;
#1388 = CARTESIAN_POINT ( 'NONE',  ( -88.00000000000000000, 43.99999999999998579, 12.00000000000000000 ) ) ;
#1389 = VECTOR ( 'NONE', #130, 1000.000000000000000 ) ;
#1390 = CARTESIAN_POINT ( 'NONE',  ( 1.102182119232617911E-15, 25.10204081632652517, 24.00000000000000000 ) ) ;
#1391 = PLANE ( 'NONE',  #1487 ) ;
#1392 = PERSON ( 'UNSPECIFIED', 'UNSPECIFIED', 'UNSPECIFIED', ('UNSPECIFIED'), ('UNSPECIFIED'), ('UNSPECIFIED') ) ;
#1393 = DIRECTION ( 'NONE',  ( 1.000000000000000000, 0.000000000000000000, 0.000000000000000000 ) ) ;
#1394 = DIRECTION ( 'NONE',  ( -0.000000000000000000, 1.000000000000000000, -0.000000000000000000 ) ) ;
#1395 = ORIENTED_EDGE ( 'NONE', *, *, #991, .F. ) ;
#1396 = VECTOR ( 'NONE', #702, 1000.000000000000000 ) ;
#1397 = CARTESIAN_POINT ( 'NONE',  ( 95.00000000000000000, -8.000000000000000000, 0.000000000000000000 ) ) ;
#1398 = DIRECTION ( 'NONE',  ( 0.000000000000000000, 0.000000000000000000, -1.000000000000000000 ) ) ;
#1399 = ADVANCED_FACE ( 'NONE', ( #1489 ), #341, .T. ) ;
#1400 = VECTOR ( 'NONE', #415, 1000.000000000000000 ) ;
#1401 = CARTESIAN_POINT ( 'NONE',  ( 95.00000000000000000, -8.000000000000000000, 0.000000000000000000 ) ) ;
#1402 = CARTESIAN_POINT ( 'NONE',  ( -88.00000000000000000, 43.99999999999998579, 14.00000000000000000 ) ) ;
#1403 = VECTOR ( 'NONE', #1030, 1000.000000000000000 ) ;
#1404 = ORIENTED_EDGE ( 'NONE', *, *, #514, .T. ) ;
#1405 = VECTOR ( 'NONE', #460, 1000.000000000000000 ) ;
#1406 = EDGE_CURVE ( 'NONE', #990, #859, #749, .T. ) ;
#1407 = DIRECTION ( 'NONE',  ( 0.000000000000000000, -1.000000000000000000, 0.000000000000000000 ) ) ;
#1408 = DIRECTION ( 'NONE',  ( -1.000000000000000000, 0.000000000000000000, -0.000000000000000000 ) ) ;
#1409 = LINE ( 'NONE', #1847, #87 ) ;
#1410 = DIRECTION ( 'NONE',  ( 1.000000000000000000, 0.000000000000000000, 0.000000000000000000 ) ) ;
#1411 = EDGE_CURVE ( 'NONE', #894, #1271, #34, .T. ) ;
#1412 = VERTEX_POINT ( 'NONE', #1510 ) ;
#1413 = VECTOR ( 'NONE', #871, 1000.000000000000000 ) ;
#1414 = EDGE_CURVE ( 'NONE', #280, #698, #176, .T. ) ;
#1415 = CARTESIAN_POINT ( 'NONE',  ( -9.017166440754008860, 27.03674315861927369, 15.14668510099308385 ) ) ;
#1416 = VECTOR ( 'NONE', #48, 1000.000000000000000 ) ;
#1417 = CARTESIAN_POINT ( 'NONE',  ( 95.00000000000000000, 21.91836734693877631, 4.000000000000000000 ) ) ;
#1418 = ORIENTED_EDGE ( 'NONE', *, *, #199, .F. ) ;
#1419 = ORIENTED_EDGE ( 'NONE', *, *, #969, .T. ) ;
#1420 = ORIENTED_EDGE ( 'NONE', *, *, #1309, .F. ) ;
#1421 = CARTESIAN_POINT ( 'NONE',  ( -86.00000000000000000, 66.00000000000000000, 14.00000000000000000 ) ) ;
#1422 = CARTESIAN_POINT ( 'NONE',  ( -68.50000000000000000, 64.00000000000000000, 21.79999999999999716 ) ) ;
#1423 = CARTESIAN_POINT ( 'NONE',  ( -68.50000000000000000, 48.00000000000000000, 21.79999999999999716 ) ) ;
#1424 = VECTOR ( 'NONE', #344, 1000.000000000000000 ) ;
#1425 = VECTOR ( 'NONE', #1235, 1000.000000000000000 ) ;
#1426 = ORIENTED_EDGE ( 'NONE', *, *, #1346, .T. ) ;
#1427 = VERTEX_POINT ( 'NONE', #608 ) ;
#1428 = ORIENTED_EDGE ( 'NONE', *, *, #583, .T. ) ;
#1429 = PRODUCT_DEFINITION ( 'UNKNOWN', '', #1907, #1832 ) ;
#1430 = DIRECTION ( 'NONE',  ( 1.000000000000000000, 0.000000000000000000, 0.000000000000000000 ) ) ;
#1431 = LINE ( 'NONE', #1246, #683 ) ;
#1432 = CARTESIAN_POINT ( 'NONE',  ( -92.70000000000000284, 197.6999999999999886, 14.00000000000000000 ) ) ;
#1433 = ORIENTED_EDGE ( 'NONE', *, *, #1458, .T. ) ;
#1434 = CARTESIAN_POINT ( 'NONE',  ( -88.00000000000000000, 43.99999999999998579, 22.00000000000000000 ) ) ;
#1435 = ORIENTED_EDGE ( 'NONE', *, *, #727, .F. ) ;
#1436 = VERTEX_POINT ( 'NONE', #1647 ) ;
#1437 = FACE_OUTER_BOUND ( 'NONE', #289, .T. ) ;
#1438 = APPROVAL_PERSON_ORGANIZATION ( #599, #1231, #1929 ) ;
#1439 = DIRECTION ( 'NONE',  ( 0.000000000000000000, -0.000000000000000000, -1.000000000000000000 ) ) ;
#1440 = CARTESIAN_POINT ( 'NONE',  ( -83.50000000000000000, 48.00000000000000000, 21.79999999999999716 ) ) ;
#1441 = ORIENTED_EDGE ( 'NONE', *, *, #583, .F. ) ;
#1442 = CARTESIAN_POINT ( 'NONE',  ( -46.00000000000000000, 21.00000000000000000, 2.000000000000000000 ) ) ;
#1443 = EDGE_LOOP ( 'NONE', ( #892, #1933, #42, #1426 ) ) ;
#1444 = VERTEX_POINT ( 'NONE', #1501 ) ;
#1445 = PLANE ( 'NONE',  #1813 ) ;
#1446 = EDGE_CURVE ( 'NONE', #1709, #1905, #792, .T. ) ;
#1447 = CARTESIAN_POINT ( 'NONE',  ( -95.00000000000000000, 24.99999999999999289, 22.00000000000000000 ) ) ;
#1448 = CIRCLE ( 'NONE', #1728, 9.000000000000001776 ) ;
#1449 = DIRECTION ( 'NONE',  ( 0.000000000000000000, -1.000000000000000000, 0.000000000000000000 ) ) ;
#1450 = EDGE_LOOP ( 'NONE', ( #955, #593, #705, #1033, #1125 ) ) ;
#1451 = CARTESIAN_POINT ( 'NONE',  ( -86.00000000000000000, 64.00000000000000000, 21.79999999999999716 ) ) ;
#1452 = ORIENTED_EDGE ( 'NONE', *, *, #561, .F. ) ;
#1453 = ORIENTED_EDGE ( 'NONE', *, *, #1022, .T. ) ;
#1454 = VECTOR ( 'NONE', #1080, 1000.000000000000000 ) ;
#1455 = ORIENTED_EDGE ( 'NONE', *, *, #1333, .F. ) ;
#1456 = EDGE_CURVE ( 'NONE', #1196, #417, #1801, .T. ) ;
#1457 = LINE ( 'NONE', #423, #1413 ) ;
#1458 = EDGE_CURVE ( 'NONE', #327, #973, #1696, .T. ) ;
#1459 = DIRECTION ( 'NONE',  ( -0.000000000000000000, -0.000000000000000000, -1.000000000000000000 ) ) ;
#1460 = LINE ( 'NONE', #390, #1138 ) ;
#1461 = DATE_TIME_ROLE ( 'classification_date' ) ;
#1462 = DIRECTION ( 'NONE',  ( -0.000000000000000000, 1.000000000000000000, 0.000000000000000000 ) ) ;
#1463 = ORIENTED_EDGE ( 'NONE', *, *, #594, .T. ) ;
#1464 = ORIENTED_EDGE ( 'NONE', *, *, #19, .T. ) ;
#1465 = EDGE_LOOP ( 'NONE', ( #1770, #6, #602, #1186 ) ) ;
#1466 = CARTESIAN_POINT ( 'NONE',  ( 0.000000000000000000, 66.00000000000000000, 14.00000000000000000 ) ) ;
#1467 = CARTESIAN_POINT ( 'NONE',  ( 0.000000000000000000, 26.51020408163265074, 14.00000000000000000 ) ) ;
#1468 = VECTOR ( 'NONE', #1375, 1000.000000000000000 ) ;
#1469 = CARTESIAN_POINT ( 'NONE',  ( -86.00000000000000000, 66.00000000000000000, 22.00000000000000000 ) ) ;
#1470 = PERSON_AND_ORGANIZATION ( #1392, #1281 ) ;
#1471 = VECTOR ( 'NONE', #942, 1000.000000000000000 ) ;
#1472 = CARTESIAN_POINT ( 'NONE',  ( -88.00000000000000000, 32.00000000000000000, 22.00000000000000000 ) ) ;
#1473 = AXIS2_PLACEMENT_3D ( 'NONE', #1902, #568, #1757 ) ;
#1474 = EDGE_LOOP ( 'NONE', ( #572, #1868, #1174, #1321 ) ) ;
#1475 = ORIENTED_EDGE ( 'NONE', *, *, #1754, .T. ) ;
#1476 = ORIENTED_EDGE ( 'NONE', *, *, #1282, .F. ) ;
#1477 = EDGE_CURVE ( 'NONE', #1372, #391, #676, .T. ) ;
#1478 = CARTESIAN_POINT ( 'NONE',  ( -64.00000000000000000, 68.00000000000000000, 22.00000000000000000 ) ) ;
#1479 = DIRECTION ( 'NONE',  ( 0.000000000000000000, -1.000000000000000000, 0.000000000000000000 ) ) ;
#1480 = DIRECTION ( 'NONE',  ( 0.000000000000000000, 0.000000000000000000, -1.000000000000000000 ) ) ;
#1481 =( LENGTH_UNIT ( ) NAMED_UNIT ( * ) SI_UNIT ( .MILLI., .METRE. ) );
#1482 = CARTESIAN_POINT ( 'NONE',  ( 95.00000000000000000, 200.0000000000000000, 4.000000000000000000 ) ) ;
#1483 = ORIENTED_EDGE ( 'NONE', *, *, #1784, .T. ) ;
#1484 = EDGE_LOOP ( 'NONE', ( #302, #1641, #1682, #908 ) ) ;
#1485 = VERTEX_POINT ( 'NONE', #214 ) ;
#1486 = EDGE_LOOP ( 'NONE', ( #1850, #1529, #1915, #366 ) ) ;
#1487 = AXIS2_PLACEMENT_3D ( 'NONE', #1079, #654, #501 ) ;
#1488 = DIRECTION ( 'NONE',  ( 0.000000000000000000, -1.000000000000000000, 0.000000000000000000 ) ) ;
#1489 = FACE_OUTER_BOUND ( 'NONE', #669, .T. ) ;
#1490 = AXIS2_PLACEMENT_3D ( 'NONE', #849, #999, #558 ) ;
#1491 = VECTOR ( 'NONE', #1804, 1000.000000000000000 ) ;
#1492 = DIRECTION ( 'NONE',  ( 1.000000000000000000, 0.000000000000000000, -0.000000000000000000 ) ) ;
#1493 = PERSON_AND_ORGANIZATION ( #1392, #1281 ) ;
#1494 = CARTESIAN_POINT ( 'NONE',  ( 95.00000000000000000, 24.99999999999999289, 4.000000000000000000 ) ) ;
#1495 = CARTESIAN_POINT ( 'NONE',  ( -95.00000000000000000, 21.00000000000000000, 2.000000000000000000 ) ) ;
#1496 = VERTEX_POINT ( 'NONE', #1263 ) ;
#1497 = VERTEX_POINT ( 'NONE', #361 ) ;
#1498 = ORIENTED_EDGE ( 'NONE', *, *, #1406, .T. ) ;
#1499 = ORIENTED_EDGE ( 'NONE', *, *, #189, .T. ) ;
#1500 = DIRECTION ( 'NONE',  ( 0.000000000000000000, -0.4172932199768464301, -0.9087719012829100773 ) ) ;
#1501 = CARTESIAN_POINT ( 'NONE',  ( 0.000000000000000000, 22.83673469387754906, 5.999999999999998224 ) ) ;
#1502 = CARTESIAN_POINT ( 'NONE',  ( 18.00000000000000000, 16.83673469387754551, 5.999999999999998224 ) ) ;
#1503 = DATE_AND_TIME ( #1912, #950 ) ;
#1504 = DIRECTION ( 'NONE',  ( -0.000000000000000000, -0.000000000000000000, 1.000000000000000000 ) ) ;
#1505 = DIRECTION ( 'NONE',  ( 0.000000000000000000, -1.000000000000000000, 0.000000000000000000 ) ) ;
#1506 = VERTEX_POINT ( 'NONE', #1421 ) ;
#1507 = ORIENTED_EDGE ( 'NONE', *, *, #273, .F. ) ;
#1508 = EDGE_CURVE ( 'NONE', #1580, #1197, #508, .T. ) ;
#1509 = CARTESIAN_POINT ( 'NONE',  ( -95.00000000000000000, 200.0000000000000000, 14.00000000000000000 ) ) ;
#1510 = CARTESIAN_POINT ( 'NONE',  ( -95.00000000000000000, 200.0000000000000000, 22.00000000000000000 ) ) ;
#1511 = EDGE_CURVE ( 'NONE', #722, #735, #507, .T. ) ;
#1512 = DIRECTION ( 'NONE',  ( -1.000000000000000000, 0.000000000000000000, 0.000000000000000000 ) ) ;
#1513 = CARTESIAN_POINT ( 'NONE',  ( -86.00000000000000000, 64.00000000000000000, 21.79999999999999716 ) ) ;
#1514 = EDGE_CURVE ( 'NONE', #1360, #184, #684, .T. ) ;
#1515 = EDGE_CURVE ( 'NONE', #1151, #1574, #1552, .T. ) ;
#1516 = LINE ( 'NONE', #1364, #1721 ) ;
#1517 = ORIENTED_EDGE ( 'NONE', *, *, #30, .F. ) ;
#1518 = ORIENTED_EDGE ( 'NONE', *, *, #1730, .F. ) ;
#1519 = CARTESIAN_POINT ( 'NONE',  ( -4.039638619366584749, 30.78378409611227440, 23.30690758708893995 ) ) ;
#1520 = CARTESIAN_POINT ( 'NONE',  ( -8.944271909999159220, 26.51020408163265074, 14.00000000000000000 ) ) ;
#1521 = CARTESIAN_POINT ( 'NONE',  ( -88.00000000000000000, 32.00000000000000000, 22.00000000000000000 ) ) ;
#1522 = EDGE_CURVE ( 'NONE', #1216, #195, #523, .T. ) ;
#1523 = VECTOR ( 'NONE', #864, 1000.000000000000000 ) ;
#1524 = AXIS2_PLACEMENT_3D ( 'NONE', #1604, #1479, #844 ) ;
#1525 = DIRECTION ( 'NONE',  ( 0.000000000000000000, 1.000000000000000000, 0.000000000000000000 ) ) ;
#1526 = LINE ( 'NONE', #51, #154 ) ;
#1527 = CARTESIAN_POINT ( 'NONE',  ( -68.50000000000000000, 48.00000000000000000, 21.79999999999999716 ) ) ;
#1528 = FACE_OUTER_BOUND ( 'NONE', #591, .T. ) ;
#1529 = ORIENTED_EDGE ( 'NONE', *, *, #94, .F. ) ;
#1530 = CARTESIAN_POINT ( 'NONE',  ( 9.017166440754008860, 27.03674315861927369, 15.14668510099308385 ) ) ;
#1531 = DIRECTION ( 'NONE',  ( 1.000000000000000000, -0.000000000000000000, 0.000000000000000000 ) ) ;
#1532 = DIRECTION ( 'NONE',  ( 0.000000000000000000, -1.000000000000000000, 0.000000000000000000 ) ) ;
#1533 = EDGE_CURVE ( 'NONE', #1102, #261, #222, .T. ) ;
#1534 = CARTESIAN_POINT ( 'NONE',  ( -95.00000000000000000, 200.0000000000000000, 4.000000000000000000 ) ) ;
#1535 = PLANE ( 'NONE',  #1769 ) ;
#1536 = CARTESIAN_POINT ( 'NONE',  ( 0.000000000000000000, 32.00000000000000000, 15.00000000000000000 ) ) ;
#1537 = ORIENTED_EDGE ( 'NONE', *, *, #632, .F. ) ;
#1538 = EDGE_LOOP ( 'NONE', ( #245, #1049, #270, #1779 ) ) ;
#1539 = ADVANCED_FACE ( 'NONE', ( #1120 ), #376, .T. ) ;
#1540 = VECTOR ( 'NONE', #574, 1000.000000000000000 ) ;
#1541 = DIRECTION ( 'NONE',  ( 0.000000000000000000, 1.000000000000000000, 0.000000000000000000 ) ) ;
#1542 = CARTESIAN_POINT ( 'NONE',  ( -83.50000000000000000, 64.00000000000000000, 21.79999999999999716 ) ) ;
#1543 = ADVANCED_FACE ( 'NONE', ( #1835, #1112 ), #1254, .F. ) ;
#1544 = CARTESIAN_POINT ( 'NONE',  ( 0.000000000000000000, 16.83673469387754906, 5.999999999999998224 ) ) ;
#1545 = CARTESIAN_POINT ( 'NONE',  ( -95.00000000000000000, 200.0000000000000000, 22.00000000000000000 ) ) ;
#1546 = EDGE_CURVE ( 'NONE', #1021, #1767, #232, .T. ) ;
#1547 = PLANE ( 'NONE',  #1052 ) ;
#1548 = ORIENTED_EDGE ( 'NONE', *, *, #1477, .T. ) ;
#1549 = LINE ( 'NONE', #785, #1625 ) ;
#1550 = VECTOR ( 'NONE', #1690, 1000.000000000000000 ) ;
#1551 = DIRECTION ( 'NONE',  ( 0.000000000000000000, 0.4172932199768464301, 0.9087719012829100773 ) ) ;
#1552 = LINE ( 'NONE', #84, #1130 ) ;
#1553 = EDGE_CURVE ( 'NONE', #147, #504, #912, .T. ) ;
#1554 = LINE ( 'NONE', #502, #773 ) ;
#1555 = DIRECTION ( 'NONE',  ( 0.000000000000000000, 1.000000000000000000, 0.000000000000000000 ) ) ;
#1556 = ADVANCED_FACE ( 'NONE', ( #1719 ), #811, .T. ) ;
#1557 = ORIENTED_EDGE ( 'NONE', *, *, #1034, .F. ) ;
#1558 = LINE ( 'NONE', #1685, #241 ) ;
#1559 = CARTESIAN_POINT ( 'NONE',  ( -86.00000000000000000, 66.00000000000000000, 22.00000000000000000 ) ) ;
#1560 = CARTESIAN_POINT ( 'NONE',  ( -86.00000000000000000, 64.00000000000000000, 21.79999999999999716 ) ) ;
#1561 = LINE ( 'NONE', #194, #337 ) ;
#1562 = ORIENTED_EDGE ( 'NONE', *, *, #1247, .F. ) ;
#1563 = VERTEX_POINT ( 'NONE', #1559 ) ;
#1564 = ORIENTED_EDGE ( 'NONE', *, *, #701, .T. ) ;
#1565 = AXIS2_PLACEMENT_3D ( 'NONE', #1178, #1898, #993 ) ;
#1566 = CARTESIAN_POINT ( 'NONE',  ( 0.000000000000000000, 40.00000000000000000, 15.00000000000000000 ) ) ;
#1567 = AXIS2_PLACEMENT_3D ( 'NONE', #155, #779, #1075 ) ;
#1568 = VECTOR ( 'NONE', #1930, 1000.000000000000000 ) ;
#1569 = EDGE_CURVE ( 'NONE', #1736, #307, #387, .T. ) ;
#1570 = CARTESIAN_POINT ( 'NONE',  ( -8.971153771951525968, 27.30000000000000071, 15.72000000000000064 ) ) ;
#1571 = DIRECTION ( 'NONE',  ( -0.000000000000000000, -1.000000000000000000, -0.000000000000000000 ) ) ;
#1572 = VERTEX_POINT ( 'NONE', #671 ) ;
#1573 = ORIENTED_EDGE ( 'NONE', *, *, #886, .T. ) ;
#1574 = VERTEX_POINT ( 'NONE', #1098 ) ;
#1575 = CARTESIAN_POINT ( 'NONE',  ( -95.00000000000000000, 24.99999999999999289, 22.00000000000000000 ) ) ;
#1576 = DIRECTION ( 'NONE',  ( -1.000000000000000000, -0.000000000000000000, -0.000000000000000000 ) ) ;
#1577 = CARTESIAN_POINT ( 'NONE',  ( 92.70000000000000284, 27.30000000000000071, 14.00000000000000000 ) ) ;
#1578 = AXIS2_PLACEMENT_3D ( 'NONE', #1626, #466, #1512 ) ;
#1579 = ORIENTED_EDGE ( 'NONE', *, *, #1013, .T. ) ;
#1580 = VERTEX_POINT ( 'NONE', #1544 ) ;
#1581 = ORIENTED_EDGE ( 'NONE', *, *, #1704, .T. ) ;
#1582 = VECTOR ( 'NONE', #704, 1000.000000000000000 ) ;
#1583 = CARTESIAN_POINT ( 'NONE',  ( -66.00000000000000000, 48.00000000000000000, 21.79999999999999716 ) ) ;
#1584 = CARTESIAN_POINT ( 'NONE',  ( -95.00000000000000000, 110.0000000000000000, 85.00000000000015632 ) ) ;
#1585 = LINE ( 'NONE', #1294, #1245 ) ;
#1586 = ORIENTED_EDGE ( 'NONE', *, *, #542, .T. ) ;
#1587 = DIRECTION ( 'NONE',  ( -0.000000000000000000, 1.000000000000000000, 0.000000000000000000 ) ) ;
#1588 = EDGE_LOOP ( 'NONE', ( #775, #235, #117, #1132, #626, #647 ) ) ;
#1589 = ORIENTED_EDGE ( 'NONE', *, *, #981, .F. ) ;
#1590 = LINE ( 'NONE', #1876, #1877 ) ;
#1591 = EDGE_CURVE ( 'NONE', #1298, #675, #1686, .T. ) ;
#1592 = LOCAL_TIME ( 0, 50, 30.00000000000000000, #1356 ) ;
#1593 = LINE ( 'NONE', #1158, #551 ) ;
#1594 = VERTEX_POINT ( 'NONE', #1908 ) ;
#1595 = EDGE_CURVE ( 'NONE', #567, #1506, #691, .T. ) ;
#1596 = DIRECTION ( 'NONE',  ( 1.000000000000000000, 0.000000000000000000, 0.000000000000000000 ) ) ;
#1597 = ORIENTED_EDGE ( 'NONE', *, *, #1333, .T. ) ;
#1598 = ORIENTED_EDGE ( 'NONE', *, *, #141, .F. ) ;
#1599 = ORIENTED_EDGE ( 'NONE', *, *, #357, .F. ) ;
#1600 = ADVANCED_FACE ( 'NONE', ( #274 ), #119, .F. ) ;
#1601 = CARTESIAN_POINT ( 'NONE',  ( 92.70000000000000284, 27.30000000000000071, 14.00000000000000000 ) ) ;
#1602 = PRODUCT_RELATED_PRODUCT_CATEGORY ( 'detail', '', ( #586 ) ) ;
#1603 = EDGE_CURVE ( 'NONE', #972, #128, #93, .T. ) ;
#1604 = CARTESIAN_POINT ( 'NONE',  ( -86.00000000000000000, 66.00000000000000000, 22.00000000000000000 ) ) ;
#1605 = PLANE ( 'NONE',  #1795 ) ;
#1606 = APPROVAL_STATUS ( 'not_yet_approved' ) ;
#1607 = CARTESIAN_POINT ( 'NONE',  ( -95.00000000000000000, -8.000000000000000000, 17.19999999999999929 ) ) ;
#1608 = VECTOR ( 'NONE', #692, 1000.000000000000000 ) ;
#1609 = VERTEX_POINT ( 'NONE', #237 ) ;
#1610 = EDGE_CURVE ( 'NONE', #97, #1216, #1590, .T. ) ;
#1611 = ORIENTED_EDGE ( 'NONE', *, *, #1864, .F. ) ;
#1612 = VECTOR ( 'NONE', #829, 1000.000000000000000 ) ;
#1613 = EDGE_LOOP ( 'NONE', ( #1892, #519, #764, #1807 ) ) ;
#1614 = FACE_OUTER_BOUND ( 'NONE', #881, .T. ) ;
#1615 = PLANE ( 'NONE',  #620 ) ;
#1616 = DIRECTION ( 'NONE',  ( 0.000000000000000000, -1.000000000000000000, 0.000000000000000000 ) ) ;
#1617 = ADVANCED_FACE ( 'NONE', ( #404 ), #1167, .F. ) ;
#1618 = LINE ( 'NONE', #1306, #729 ) ;
#1619 = ORIENTED_EDGE ( 'NONE', *, *, #974, .F. ) ;
#1620 = ORIENTED_EDGE ( 'NONE', *, *, #292, .T. ) ;
#1621 = ORIENTED_EDGE ( 'NONE', *, *, #1569, .F. ) ;
#1622 = CARTESIAN_POINT ( 'NONE',  ( -92.70000000000000284, 27.30000000000000071, 14.00000000000000000 ) ) ;
#1623 = EDGE_CURVE ( 'NONE', #1338, #571, #862, .T. ) ;
#1624 = FACE_OUTER_BOUND ( 'NONE', #604, .T. ) ;
#1625 = VECTOR ( 'NONE', #46, 1000.000000000000000 ) ;
#1626 = CARTESIAN_POINT ( 'NONE',  ( 46.00000000000000000, 59.20000000000000284, 80.79999999999999716 ) ) ;
#1627 = DATE_TIME_ROLE ( 'creation_date' ) ;
#1628 = VECTOR ( 'NONE', #1279, 1000.000000000000000 ) ;
#1629 = CARTESIAN_POINT ( 'NONE',  ( -92.70000000000000284, 27.30000000000000071, 15.72000000000000064 ) ) ;
#1630 = VERTEX_POINT ( 'NONE', #1583 ) ;
#1631 = ORIENTED_EDGE ( 'NONE', *, *, #794, .F. ) ;
#1632 = ORIENTED_EDGE ( 'NONE', *, *, #45, .T. ) ;
#1633 = ORIENTED_EDGE ( 'NONE', *, *, #726, .T. ) ;
#1634 = CARTESIAN_POINT ( 'NONE',  ( -95.00000000000000000, -8.000000000000000000, 4.000000000000000000 ) ) ;
#1635 = CARTESIAN_POINT ( 'NONE',  ( -95.00000000000000000, 200.0000000000000000, 4.000000000000000000 ) ) ;
#1636 = FACE_BOUND ( 'NONE', #470, .T. ) ;
#1637 = PERSON_AND_ORGANIZATION ( #1392, #1281 ) ;
#1638 = VECTOR ( 'NONE', #355, 999.9999999999998863 ) ;
#1639 = CARTESIAN_POINT ( 'NONE',  ( -95.00000000000000000, -8.000000000000000000, 4.000000000000000000 ) ) ;
#1640 = LINE ( 'NONE', #301, #75 ) ;
#1641 = ORIENTED_EDGE ( 'NONE', *, *, #1623, .T. ) ;
#1642 = ORIENTED_EDGE ( 'NONE', *, *, #1515, .T. ) ;
#1643 = ORIENTED_EDGE ( 'NONE', *, *, #564, .T. ) ;
#1644 = ORIENTED_EDGE ( 'NONE', *, *, #30, .T. ) ;
#1645 = AXIS2_PLACEMENT_3D ( 'NONE', #156, #276, #1324 ) ;
#1646 = DIRECTION ( 'NONE',  ( 0.000000000000000000, 1.000000000000000000, 0.000000000000000000 ) ) ;
#1647 = CARTESIAN_POINT ( 'NONE',  ( -86.00000000000000000, 48.00000000000000000, 21.79999999999999716 ) ) ;
#1648 = EDGE_CURVE ( 'NONE', #571, #128, #540, .T. ) ;
#1649 = VECTOR ( 'NONE', #1296, 1000.000000000000000 ) ;
#1650 = CARTESIAN_POINT ( 'NONE',  ( 18.00000000000000000, 25.10204081632652873, 24.00000000000000355 ) ) ;
#1651 = CALENDAR_DATE ( 2026, 30, 7 ) ;
#1652 = CARTESIAN_POINT ( 'NONE',  ( -66.00000000000000000, 48.00000000000000000, 20.39999999999999858 ) ) ;
#1653 = DIRECTION ( 'NONE',  ( -0.000000000000000000, -0.000000000000000000, -1.000000000000000000 ) ) ;
#1654 = ORIENTED_EDGE ( 'NONE', *, *, #59, .F. ) ;
#1655 = VERTEX_POINT ( 'NONE', #1300 ) ;
#1656 = DIRECTION ( 'NONE',  ( 1.000000000000000000, 0.000000000000000000, 0.000000000000000000 ) ) ;
#1657 = FACE_OUTER_BOUND ( 'NONE', #252, .T. ) ;
#1658 = PLANE ( 'NONE',  #1578 ) ;
#1659 = VECTOR ( 'NONE', #358, 1000.000000000000000 ) ;
#1660 = DIRECTION ( 'NONE',  ( 1.000000000000000000, 0.000000000000000000, 0.000000000000000000 ) ) ;
#1661 = CARTESIAN_POINT ( 'NONE',  ( 92.70000000000000284, 27.30000000000000071, 14.00000000000000000 ) ) ;
#1662 = ORIENTED_EDGE ( 'NONE', *, *, #542, .F. ) ;
#1663 = ADVANCED_FACE ( 'NONE', ( #247 ), #1445, .F. ) ;
#1664 = VECTOR ( 'NONE', #1371, 1000.000000000000000 ) ;
#1665 = ORIENTED_EDGE ( 'NONE', *, *, #346, .T. ) ;
#1666 = CARTESIAN_POINT ( 'NONE',  ( -95.00000000000000000, 51.18367346938774887, 80.79999999999999716 ) ) ;
#1667 = DIRECTION ( 'NONE',  ( 0.000000000000000000, 0.4172932199768464301, 0.9087719012829100773 ) ) ;
#1668 = CARTESIAN_POINT ( 'NONE',  ( -88.00000000000000000, 68.00000000000000000, 12.00000000000000000 ) ) ;
#1669 = DIRECTION ( 'NONE',  ( -0.000000000000000000, -1.000000000000000000, -0.000000000000000000 ) ) ;
#1670 = CARTESIAN_POINT ( 'NONE',  ( 95.00000000000000000, 200.0000000000000000, 0.000000000000000000 ) ) ;
#1671 = DIRECTION ( 'NONE',  ( -1.000000000000000000, 0.000000000000000000, -0.000000000000000000 ) ) ;
#1672 = ORIENTED_EDGE ( 'NONE', *, *, #113, .F. ) ;
#1673 = VERTEX_POINT ( 'NONE', #582 ) ;
#1674 = CARTESIAN_POINT ( 'NONE',  ( 0.000000000000000000, 27.30000000000000071, 15.00000000000000000 ) ) ;
#1675 = CARTESIAN_POINT ( 'NONE',  ( -92.70000000000000284, 27.30000000000000071, 14.00000000000000000 ) ) ;
#1676 = CARTESIAN_POINT ( 'NONE',  ( -86.00000000000000000, 48.00000000000000000, 21.79999999999999716 ) ) ;
#1677 = VECTOR ( 'NONE', #1169, 1000.000000000000000 ) ;
#1678 = VECTOR ( 'NONE', #368, 1000.000000000000000 ) ;
#1679 = FACE_OUTER_BOUND ( 'NONE', #1308, .T. ) ;
#1680 = CARTESIAN_POINT ( 'NONE',  ( 92.70000000000000284, 27.30000000000000071, 14.00000000000000000 ) ) ;
#1681 = DIRECTION ( 'NONE',  ( 0.7071067811865410224, 0.000000000000000000, -0.7071067811865540120 ) ) ;
#1682 = ORIENTED_EDGE ( 'NONE', *, *, #1648, .T. ) ;
#1683 = EDGE_LOOP ( 'NONE', ( #1310, #1842, #1699, #1518 ) ) ;
#1684 = DIRECTION ( 'NONE',  ( 1.598721155460225418E-14, 0.000000000000000000, -1.000000000000000000 ) ) ;
#1685 = CARTESIAN_POINT ( 'NONE',  ( -95.00000000000000000, 21.00000000000000000, 2.000000000000000000 ) ) ;
#1686 = LINE ( 'NONE', #1601, #642 ) ;
#1687 = EDGE_CURVE ( 'NONE', #1163, #562, #843, .T. ) ;
#1688 = CARTESIAN_POINT ( 'NONE',  ( -86.00000000000000000, 46.00000000000000000, 22.00000000000000000 ) ) ;
#1689 = CARTESIAN_POINT ( 'NONE',  ( -88.00000000000000000, 43.99999999999998579, 12.00000000000000000 ) ) ;
#1690 = DIRECTION ( 'NONE',  ( 0.000000000000000000, -1.000000000000000000, 0.000000000000000000 ) ) ;
#1691 = EDGE_LOOP ( 'NONE', ( #1586, #1758, #765, #1778 ) ) ;
#1692 = VECTOR ( 'NONE', #9, 1000.000000000000000 ) ;
#1693 = ADVANCED_FACE ( 'NONE', ( #1761, #1136 ), #1322, .T. ) ;
#1694 = LINE ( 'NONE', #505, #444 ) ;
#1695 = LINE ( 'NONE', #515, #662 ) ;
#1696 = LINE ( 'NONE', #1860, #820 ) ;
#1697 = CARTESIAN_POINT ( 'NONE',  ( -95.00000000000000000, 24.99999999999998934, 10.71111111111107839 ) ) ;
#1698 = CARTESIAN_POINT ( 'NONE',  ( 0.000000000000000000, 24.99999999999999289, 15.00000000000000000 ) ) ;
#1699 = ORIENTED_EDGE ( 'NONE', *, *, #1233, .T. ) ;
#1700 = ADVANCED_FACE ( 'NONE', ( #1437, #102 ), #699, .F. ) ;
#1701 = VECTOR ( 'NONE', #1410, 1000.000000000000000 ) ;
#1702 = DIRECTION ( 'NONE',  ( 0.000000000000000000, -0.000000000000000000, 1.000000000000000000 ) ) ;
#1703 = CARTESIAN_POINT ( 'NONE',  ( -18.00000000000000000, 25.10204081632652873, 23.99999999999999645 ) ) ;
#1704 = EDGE_CURVE ( 'NONE', #1630, #833, #1457, .T. ) ;
#1705 = AXIS2_PLACEMENT_3D ( 'NONE', #1675, #1822, #1809 ) ;
#1706 = VECTOR ( 'NONE', #524, 1000.000000000000000 ) ;
#1707 = CARTESIAN_POINT ( 'NONE',  ( 0.000000000000000000, 193.0000000000000000, 4.000000000000000000 ) ) ;
#1708 = LINE ( 'NONE', #72, #1424 ) ;
#1709 = VERTEX_POINT ( 'NONE', #718 ) ;
#1710 = EDGE_LOOP ( 'NONE', ( #1672, #1297, #703, #421, #1557, #28, #1631, #172, #826, #454, #1435, #1153 ) ) ;
#1711 = DIRECTION ( 'NONE',  ( -0.000000000000000000, -0.000000000000000000, -1.000000000000000000 ) ) ;
#1712 = LINE ( 'NONE', #1707, #1706 ) ;
#1713 = LINE ( 'NONE', #257, #961 ) ;
#1714 = EDGE_LOOP ( 'NONE', ( #907, #1119, #946, #8 ) ) ;
#1715 = ORIENTED_EDGE ( 'NONE', *, *, #799, .F. ) ;
#1716 = ORIENTED_EDGE ( 'NONE', *, *, #1508, .F. ) ;
#1717 = EDGE_CURVE ( 'NONE', #1777, #1734, #1887, .T. ) ;
#1718 = AXIS2_PLACEMENT_3D ( 'NONE', #928, #329, #1362 ) ;
#1719 = FACE_OUTER_BOUND ( 'NONE', #1124, .T. ) ;
#1720 = AXIS2_PLACEMENT_3D ( 'NONE', #759, #1354, #616 ) ;
#1721 = VECTOR ( 'NONE', #165, 1000.000000000000000 ) ;
#1722 = DIRECTION ( 'NONE',  ( 0.000000000000000000, -0.4172932199768464301, -0.9087719012829100773 ) ) ;
#1723 = CARTESIAN_POINT ( 'NONE',  ( 2.079277238733169053, 31.10204081632653228, 24.00000000000000000 ) ) ;
#1724 = VERTEX_POINT ( 'NONE', #549 ) ;
#1725 = VERTEX_POINT ( 'NONE', #110 ) ;
#1726 = EDGE_LOOP ( 'NONE', ( #687, #1433, #581, #624 ) ) ;
#1727 = ADVANCED_FACE ( 'NONE', ( #1614 ), #1740, .F. ) ;
#1728 = AXIS2_PLACEMENT_3D ( 'NONE', #41, #1115, #1865 ) ;
#1729 = DIRECTION ( 'NONE',  ( 0.000000000000000000, -0.000000000000000000, -1.000000000000000000 ) ) ;
#1730 = EDGE_CURVE ( 'NONE', #1269, #1092, #637, .T. ) ;
#1731 = FACE_OUTER_BOUND ( 'NONE', #1710, .T. ) ;
#1732 = CARTESIAN_POINT ( 'NONE',  ( -95.00000000000000000, 200.0000000000000000, 4.000000000000000000 ) ) ;
#1733 = VECTOR ( 'NONE', #201, 1000.000000000000000 ) ;
#1734 = VERTEX_POINT ( 'NONE', #153 ) ;
#1735 = PLANE ( 'NONE',  #589 ) ;
#1736 = VERTEX_POINT ( 'NONE', #1634 ) ;
#1737 = VERTEX_POINT ( 'NONE', #1478 ) ;
#1738 = AXIS2_PLACEMENT_3D ( 'NONE', #1797, #288, #146 ) ;
#1739 = VECTOR ( 'NONE', #1090, 1000.000000000000000 ) ;
#1740 = PLANE ( 'NONE',  #976 ) ;
#1741 = LINE ( 'NONE', #1918, #1608 ) ;
#1742 = CARTESIAN_POINT ( 'NONE',  ( -86.00000000000000000, 64.00000000000000000, 21.79999999999999716 ) ) ;
#1743 = ORIENTED_EDGE ( 'NONE', *, *, #193, .T. ) ;
#1744 = ADVANCED_FACE ( 'NONE', ( #748 ), #318, .T. ) ;
#1745 = DIRECTION ( 'NONE',  ( 0.000000000000000000, 1.000000000000000000, 0.000000000000000000 ) ) ;
#1746 = VERTEX_POINT ( 'NONE', #142 ) ;
#1747 = ORIENTED_EDGE ( 'NONE', *, *, #345, .F. ) ;
#1748 = VERTEX_POINT ( 'NONE', #308 ) ;
#1749 = CC_DESIGN_PERSON_AND_ORGANIZATION_ASSIGNMENT ( #299, #1191, ( #225 ) ) ;
#1750 = EDGE_CURVE ( 'NONE', #1164, #579, #1800, .T. ) ;
#1751 = DIRECTION ( 'NONE',  ( 0.000000000000000000, 1.000000000000000000, 0.000000000000000000 ) ) ;
#1752 = DIRECTION ( 'NONE',  ( -0.000000000000000000, -0.000000000000000000, -1.000000000000000000 ) ) ;
#1753 = AXIS2_PLACEMENT_3D ( 'NONE', #192, #782, #1671 ) ;
#1754 = EDGE_CURVE ( 'NONE', #1724, #1187, #1248, .T. ) ;
#1755 = CARTESIAN_POINT ( 'NONE',  ( -79.99999999999998579, 66.00000000000000000, 100.0000000000000000 ) ) ;
#1756 = ORIENTED_EDGE ( 'NONE', *, *, #1273, .F. ) ;
#1757 = DIRECTION ( 'NONE',  ( -1.000000000000000000, 0.000000000000000000, -0.000000000000000000 ) ) ;
#1758 = ORIENTED_EDGE ( 'NONE', *, *, #1836, .T. ) ;
#1759 = ORIENTED_EDGE ( 'NONE', *, *, #1897, .F. ) ;
#1760 = ORIENTED_EDGE ( 'NONE', *, *, #1937, .T. ) ;
#1761 = FACE_BOUND ( 'NONE', #1276, .T. ) ;
#1762 = CARTESIAN_POINT ( 'NONE',  ( -64.00000000000000000, 43.99999999999998579, 12.00000000000000000 ) ) ;
#1763 = DIRECTION ( 'NONE',  ( 0.000000000000000000, 0.000000000000000000, -1.000000000000000000 ) ) ;
#1764 = DIRECTION ( 'NONE',  ( 0.000000000000000000, 0.000000000000000000, 1.000000000000000000 ) ) ;
#1765 = CARTESIAN_POINT ( 'NONE',  ( 92.70000000000000284, 27.97959183673469497, 17.19999999999999929 ) ) ;
#1766 = VECTOR ( 'NONE', #1459, 1000.000000000000000 ) ;
#1767 = VERTEX_POINT ( 'NONE', #1342 ) ;
#1768 = VERTEX_POINT ( 'NONE', #1053 ) ;
#1769 = AXIS2_PLACEMENT_3D ( 'NONE', #1796, #914, #314 ) ;
#1770 = ORIENTED_EDGE ( 'NONE', *, *, #1379, .T. ) ;
#1771 = DIRECTION ( 'NONE',  ( 0.000000000000000000, 1.000000000000000000, 0.000000000000000000 ) ) ;
#1772 = CC_DESIGN_DATE_AND_TIME_ASSIGNMENT ( #1016, #1627, ( #1429 ) ) ;
#1773 = CARTESIAN_POINT ( 'NONE',  ( 0.000000000000000000, 22.83673469387754906, 5.999999999999998224 ) ) ;
#1774 = CARTESIAN_POINT ( 'NONE',  ( -86.00000000000000000, 46.00000000000000000, 14.00000000000000000 ) ) ;
#1775 = PLANE ( 'NONE',  #903 ) ;
#1776 = ORIENTED_EDGE ( 'NONE', *, *, #244, .F. ) ;
#1777 = VERTEX_POINT ( 'NONE', #910 ) ;
#1778 = ORIENTED_EDGE ( 'NONE', *, *, #1533, .T. ) ;
#1779 = ORIENTED_EDGE ( 'NONE', *, *, #555, .T. ) ;
#1780 = LINE ( 'NONE', #1188, #1071 ) ;
#1781 = DIRECTION ( 'NONE',  ( -0.000000000000000000, -1.000000000000000000, -0.000000000000000000 ) ) ;
#1782 = PLANE ( 'NONE',  #1089 ) ;
#1783 = EDGE_CURVE ( 'NONE', #99, #1187, #1780, .T. ) ;
#1784 = EDGE_CURVE ( 'NONE', #1165, #1271, #164, .T. ) ;
#1785 = DIRECTION ( 'NONE',  ( -0.000000000000000000, -1.000000000000000000, -0.000000000000000000 ) ) ;
#1786 = LINE ( 'NONE', #721, #499 ) ;
#1787 = EDGE_LOOP ( 'NONE', ( #107, #7, #1404, #291 ) ) ;
#1788 = ORIENTED_EDGE ( 'NONE', *, *, #1192, .T. ) ;
#1789 = ORIENTED_EDGE ( 'NONE', *, *, #597, .T. ) ;
#1790 = ORIENTED_EDGE ( 'NONE', *, *, #708, .F. ) ;
#1791 = LINE ( 'NONE', #766, #1468 ) ;
#1792 = LINE ( 'NONE', #1229, #1162 ) ;
#1793 = DIRECTION ( 'NONE',  ( 0.000000000000000000, -0.4172932199768464301, -0.9087719012829100773 ) ) ;
#1794 =( NAMED_UNIT ( * ) PLANE_ANGLE_UNIT ( ) SI_UNIT ( $, .RADIAN. ) );
#1795 = AXIS2_PLACEMENT_3D ( 'NONE', #693, #1911, #686 ) ;
#1796 = CARTESIAN_POINT ( 'NONE',  ( -64.00000000000000000, 43.99999999999998579, 14.00000000000000000 ) ) ;
#1797 = CARTESIAN_POINT ( 'NONE',  ( -86.00000000000000000, 46.00000000000000000, 22.00000000000000000 ) ) ;
#1798 = ORIENTED_EDGE ( 'NONE', *, *, #4, .F. ) ;
#1799 = ORIENTED_EDGE ( 'NONE', *, *, #1603, .F. ) ;
#1800 = LINE ( 'NONE', #758, #129 ) ;
#1801 = LINE ( 'NONE', #1243, #728 ) ;
#1802 = DIRECTION ( 'NONE',  ( -0.000000000000000000, -0.000000000000000000, -1.000000000000000000 ) ) ;
#1803 = EDGE_CURVE ( 'NONE', #1118, #1304, #1927, .T. ) ;
#1804 = DIRECTION ( 'NONE',  ( -0.000000000000000000, -0.000000000000000000, -1.000000000000000000 ) ) ;
#1805 = CARTESIAN_POINT ( 'NONE',  ( 88.00000000000000000, 32.00000000000000000, 22.00000000000000000 ) ) ;
#1806 = VERTEX_POINT ( 'NONE', #1935 ) ;
#1807 = ORIENTED_EDGE ( 'NONE', *, *, #122, .F. ) ;
#1808 = CARTESIAN_POINT ( 'NONE',  ( 88.00000000000000000, 0.000000000000000000, 4.000000000000000000 ) ) ;
#1809 = DIRECTION ( 'NONE',  ( 0.000000000000000000, 0.000000000000000000, 1.000000000000000000 ) ) ;
#1810 = CARTESIAN_POINT ( 'NONE',  ( -83.50000000000000000, 48.00000000000000000, 20.39999999999999858 ) ) ;
#1811 = ADVANCED_FACE ( 'NONE', ( #595 ), #472, .T. ) ;
#1812 = LINE ( 'NONE', #1825, #303 ) ;
#1813 = AXIS2_PLACEMENT_3D ( 'NONE', #255, #1751, #263 ) ;
#1814 = EDGE_CURVE ( 'NONE', #857, #280, #1821, .T. ) ;
#1815 = CARTESIAN_POINT ( 'NONE',  ( -66.00000000000000000, 66.00000000000000000, 22.00000000000000000 ) ) ;
#1816 = CARTESIAN_POINT ( 'NONE',  ( 1.102182119232617911E-15, 40.00000000000000000, 24.00000000000000000 ) ) ;
#1817 = ORIENTED_EDGE ( 'NONE', *, *, #328, .F. ) ;
#1818 = VECTOR ( 'NONE', #985, 1000.000000000000000 ) ;
#1819 = VECTOR ( 'NONE', #1505, 1000.000000000000000 ) ;
#1820 = ORIENTED_EDGE ( 'NONE', *, *, #1515, .F. ) ;
#1821 = LINE ( 'NONE', #1509, #1692 ) ;
#1822 = DIRECTION ( 'NONE',  ( -1.000000000000000000, 0.000000000000000000, 0.000000000000000000 ) ) ;
#1823 = DIRECTION ( 'NONE',  ( -0.000000000000000000, -1.000000000000000000, -0.000000000000000000 ) ) ;
#1824 = ADVANCED_FACE ( 'NONE', ( #174 ), #607, .T. ) ;
#1825 = CARTESIAN_POINT ( 'NONE',  ( 46.00000000000001421, 60.00000000000000000, 100.0000000000000000 ) ) ;
#1826 = LINE ( 'NONE', #1652, #863 ) ;
#1827 = LINE ( 'NONE', #623, #1819 ) ;
#1828 = CARTESIAN_POINT ( 'NONE',  ( -95.00000000000000000, -8.000000000000000000, 0.000000000000000000 ) ) ;
#1829 = ORIENTED_EDGE ( 'NONE', *, *, #1522, .F. ) ;
#1830 = EDGE_LOOP ( 'NONE', ( #605, #90, #160, #1270 ) ) ;
#1831 = PLANE ( 'NONE',  #101 ) ;
#1832 = DESIGN_CONTEXT ( 'detailed design', #65, 'design' ) ;
#1833 = LINE ( 'NONE', #628, #427 ) ;
#1834 = LINE ( 'NONE', #66, #1147 ) ;
#1835 = FACE_OUTER_BOUND ( 'NONE', #74, .T. ) ;
#1836 = EDGE_CURVE ( 'NONE', #1277, #1630, #1791, .T. ) ;
#1837 = CIRCLE ( 'NONE', #1490, 9.000000000000001776 ) ;
#1838 = FACE_OUTER_BOUND ( 'NONE', #92, .T. ) ;
#1839 = APPROVAL ( #145, 'UNSPECIFIED' ) ;
#1840 = CARTESIAN_POINT ( 'NONE',  ( -83.50000000000000000, 48.00000000000000000, 20.39999999999999858 ) ) ;
#1841 = LINE ( 'NONE', #503, #1550 ) ;
#1842 = ORIENTED_EDGE ( 'NONE', *, *, #969, .F. ) ;
#1843 =( BOUNDED_CURVE ( )  B_SPLINE_CURVE ( 3, ( #649, #55, #1530, #123 ),
 .UNSPECIFIED., .F., .T. ) 
 B_SPLINE_CURVE_WITH_KNOTS ( ( 4, 4 ),
 ( 1.459455312453933340, 1.650881906828555623 ),
 .UNSPECIFIED. ) 
 CURVE ( )  GEOMETRIC_REPRESENTATION_ITEM ( )  RATIONAL_B_SPLINE_CURVE ( ( 1.000000000000000000, 0.9969486521067147944, 0.9969486521067147944, 1.000000000000000000 ) ) 
 REPRESENTATION_ITEM ( '' )  );
#1844 = DIRECTION ( 'NONE',  ( 0.000000000000000000, -1.000000000000000000, 0.000000000000000000 ) ) ;
#1845 = DIRECTION ( 'NONE',  ( 0.000000000000000000, -1.000000000000000000, 0.000000000000000000 ) ) ;
#1846 = DIRECTION ( 'NONE',  ( 0.000000000000000000, -1.000000000000000000, 0.000000000000000000 ) ) ;
#1847 = CARTESIAN_POINT ( 'NONE',  ( -88.00000000000000000, 193.0000000000000000, 22.00000000000000000 ) ) ;
#1848 = PLANE ( 'NONE',  #521 ) ;
#1849 = ADVANCED_FACE ( 'NONE', ( #888 ), #283, .F. ) ;
#1850 = ORIENTED_EDGE ( 'NONE', *, *, #1595, .F. ) ;
#1851 = EDGE_CURVE ( 'NONE', #712, #1298, #456, .T. ) ;
#1852 = DIRECTION ( 'NONE',  ( -0.000000000000000000, -1.000000000000000000, -0.000000000000000000 ) ) ;
#1853 = CARTESIAN_POINT ( 'NONE',  ( -88.00000000000000000, 193.0000000000000000, 22.00000000000000000 ) ) ;
#1854 = EDGE_CURVE ( 'NONE', #1092, #1894, #1218, .T. ) ;
#1855 = CARTESIAN_POINT ( 'NONE',  ( -88.00000000000000000, 32.00000000000000000, 22.00000000000000000 ) ) ;
#1856 = DIRECTION ( 'NONE',  ( 0.000000000000000000, 0.4172932199768464301, 0.9087719012829100773 ) ) ;
#1857 = ORIENTED_EDGE ( 'NONE', *, *, #1937, .F. ) ;
#1858 = EDGE_CURVE ( 'NONE', #1630, #1102, #1227, .T. ) ;
#1859 = EDGE_CURVE ( 'NONE', #715, #1563, #485, .T. ) ;
#1860 = CARTESIAN_POINT ( 'NONE',  ( -64.00000000000000000, 43.99999999999998579, 12.00000000000000000 ) ) ;
#1861 = AXIS2_PLACEMENT_3D ( 'NONE', #133, #1878, #396 ) ;
#1862 = VECTOR ( 'NONE', #1036, 1000.000000000000000 ) ;
#1863 = CARTESIAN_POINT ( 'NONE',  ( -86.00000000000000000, 48.00000000000000000, 21.79999999999999716 ) ) ;
#1864 = EDGE_CURVE ( 'NONE', #271, #579, #1694, .T. ) ;
#1865 = DIRECTION ( 'NONE',  ( -1.776356839400250465E-15, 0.000000000000000000, -1.000000000000000000 ) ) ;
#1866 = ORIENTED_EDGE ( 'NONE', *, *, #533, .T. ) ;
#1867 = ORIENTED_EDGE ( 'NONE', *, *, #169, .F. ) ;
#1868 = ORIENTED_EDGE ( 'NONE', *, *, #1064, .F. ) ;
#1869 = LINE ( 'NONE', #1560, #522 ) ;
#1870 = DIRECTION ( 'NONE',  ( 1.000000000000000000, 0.000000000000000000, 0.000000000000000000 ) ) ;
#1871 = EDGE_CURVE ( 'NONE', #613, #712, #1195, .T. ) ;
#1872 = ORIENTED_EDGE ( 'NONE', *, *, #86, .T. ) ;
#1873 = ORIENTED_EDGE ( 'NONE', *, *, #1610, .F. ) ;
#1874 = ORIENTED_EDGE ( 'NONE', *, *, #1836, .F. ) ;
#1875 = CC_DESIGN_PERSON_AND_ORGANIZATION_ASSIGNMENT ( #1493, #459, ( #586 ) ) ;
#1876 = CARTESIAN_POINT ( 'NONE',  ( -86.00000000000000000, 48.00000000000000000, 20.39999999999999858 ) ) ;
#1877 = VECTOR ( 'NONE', #709, 1000.000000000000000 ) ;
#1878 = DIRECTION ( 'NONE',  ( 0.000000000000000000, 0.000000000000000000, -1.000000000000000000 ) ) ;
#1879 = EDGE_CURVE ( 'NONE', #990, #1894, #212, .T. ) ;
#1880 = PLANE ( 'NONE',  #1891 ) ;
#1881 = VERTEX_POINT ( 'NONE', #1103 ) ;
#1882 = CARTESIAN_POINT ( 'NONE',  ( 95.00000000000000000, 24.99999999999999289, 10.71111111111109260 ) ) ;
#1883 = ORIENTED_EDGE ( 'NONE', *, *, #596, .T. ) ;
#1884 = VERTEX_POINT ( 'NONE', #339 ) ;
#1885 = ADVANCED_FACE ( 'NONE', ( #349 ), #1831, .F. ) ;
#1886 = AXIS2_PLACEMENT_3D ( 'NONE', #1536, #1091, #203 ) ;
#1887 = LINE ( 'NONE', #1024, #1540 ) ;
#1888 = EDGE_CURVE ( 'NONE', #722, #938, #1240, .T. ) ;
#1889 = CARTESIAN_POINT ( 'NONE',  ( -68.50000000000000000, 64.00000000000000000, 20.39999999999999858 ) ) ;
#1890 = LINE ( 'NONE', #1005, #1330 ) ;
#1891 = AXIS2_PLACEMENT_3D ( 'NONE', #1742, #1303, #543 ) ;
#1892 = ORIENTED_EDGE ( 'NONE', *, *, #4, .T. ) ;
#1893 = CARTESIAN_POINT ( 'NONE',  ( -64.00000000000000000, 68.00000000000000000, 12.00000000000000000 ) ) ;
#1894 = VERTEX_POINT ( 'NONE', #956 ) ;
#1895 = ORIENTED_EDGE ( 'NONE', *, *, #1546, .F. ) ;
#1896 = CLOSED_SHELL ( 'NONE', ( #823, #876, #1693, #909, #531, #665, #370, #313, #1084, #216, #1600, #1340, #1824, #418, #1539, #1727, #1259, #489, #1056, #73, #1811, #1663, #178, #803, #1617, #895, #1700, #630, #131, #995, #848, #1140, #926, #1129, #321, #1373, #1885, #1159, #750, #828, #1556, #717, #874, #1045, #1201, #438, #1002, #1399, #801, #818, #1849, #1078, #1543, #1744, #529 ) ) ;
#1897 = EDGE_CURVE ( 'NONE', #1737, #1372, #1549, .T. ) ;
#1898 = DIRECTION ( 'NONE',  ( 0.000000000000000000, 0.9087719012829100773, -0.4172932199768464301 ) ) ;
#1899 = DIRECTION ( 'NONE',  ( -1.000000000000000000, 0.000000000000000000, 0.000000000000000000 ) ) ;
#1900 = CARTESIAN_POINT ( 'NONE',  ( 5.656854249492384135, 30.18367346938775242, 22.00000000000000000 ) ) ;
#1901 = ORIENTED_EDGE ( 'NONE', *, *, #1386, .F. ) ;
#1902 = CARTESIAN_POINT ( 'NONE',  ( 0.000000000000000000, 0.000000000000000000, 21.79999999999999716 ) ) ;
#1903 = ORIENTED_EDGE ( 'NONE', *, *, #933, .F. ) ;
#1904 = ORIENTED_EDGE ( 'NONE', *, *, #239, .F. ) ;
#1905 = VERTEX_POINT ( 'NONE', #1096 ) ;
#1906 = UNCERTAINTY_MEASURE_WITH_UNIT (LENGTH_MEASURE( 1.000000000000000082E-05 ), #1481, 'distance_accuracy_value', 'NONE');
#1907 = PRODUCT_DEFINITION_FORMATION_WITH_SPECIFIED_SOURCE ( 'ANY', '', #586, .NOT_KNOWN. ) ;
#1908 = CARTESIAN_POINT ( 'NONE',  ( 95.00000000000000000, 200.0000000000000000, 22.00000000000000000 ) ) ;
#1909 = CARTESIAN_POINT ( 'NONE',  ( -83.50000000000000000, 64.00000000000000000, 21.79999999999999716 ) ) ;
#1910 = VECTOR ( 'NONE', #1377, 1000.000000000000000 ) ;
#1911 = DIRECTION ( 'NONE',  ( 0.000000000000000000, 0.000000000000000000, -1.000000000000000000 ) ) ;
#1912 = CALENDAR_DATE ( 2026, 30, 7 ) ;
#1913 = CARTESIAN_POINT ( 'NONE',  ( -66.00000000000000000, 46.00000000000000000, 22.00000000000000000 ) ) ;
#1914 = ORIENTED_EDGE ( 'NONE', *, *, #1379, .F. ) ;
#1915 = ORIENTED_EDGE ( 'NONE', *, *, #1859, .T. ) ;
#1916 = ORIENTED_EDGE ( 'NONE', *, *, #769, .T. ) ;
#1917 = CARTESIAN_POINT ( 'NONE',  ( -88.00000000000000000, 0.000000000000000000, 4.000000000000000000 ) ) ;
#1918 = CARTESIAN_POINT ( 'NONE',  ( -88.00000000000000000, 193.0000000000000000, 22.00000000000000000 ) ) ;
#1919 = FACE_OUTER_BOUND ( 'NONE', #1484, .T. ) ;
#1920 = APPROVAL_ROLE ( '' ) ;
#1921 = PLANE ( 'NONE',  #553 ) ;
#1922 = ORIENTED_EDGE ( 'NONE', *, *, #690, .T. ) ;
#1923 = VECTOR ( 'NONE', #1355, 1000.000000000000000 ) ;
#1924 = EDGE_LOOP ( 'NONE', ( #1914, #1464, #747, #326 ) ) ;
#1925 = ORIENTED_EDGE ( 'NONE', *, *, #1203, .F. ) ;
#1926 = AXIS2_PLACEMENT_3D ( 'NONE', #601, #115, #1317 ) ;
#1927 = LINE ( 'NONE', #1808, #640 ) ;
#1928 = PLANE ( 'NONE',  #899 ) ;
#1929 = APPROVAL_ROLE ( '' ) ;
#1930 = DIRECTION ( 'NONE',  ( -0.000000000000000000, -0.000000000000000000, -1.000000000000000000 ) ) ;
#1931 = ORIENTED_EDGE ( 'NONE', *, *, #1546, .T. ) ;
#1932 = ORIENTED_EDGE ( 'NONE', *, *, #189, .F. ) ;
#1933 = ORIENTED_EDGE ( 'NONE', *, *, #1067, .F. ) ;
#1934 = ORIENTED_EDGE ( 'NONE', *, *, #1411, .F. ) ;
#1935 = CARTESIAN_POINT ( 'NONE',  ( 8.944271909999159220, 26.51020408163265074, 14.00000000000000000 ) ) ;
#1936 = FACE_OUTER_BOUND ( 'NONE', #1787, .T. ) ;
#1937 = EDGE_CURVE ( 'NONE', #1806, #613, #1843, .T. ) ;
#1938 = VECTOR ( 'NONE', #205, 1000.000000000000000 ) ;
ENDSEC;
END-ISO-10303-21;
